<?xml version="1.0" ?><map><entry><PokemonType>PSYCHO</PokemonType><map><entry><PokemonType>PSYCHO</PokemonType><double>0.5</double></entry><entry><PokemonType>KAMPF</PokemonType><double>0.5</double></entry><entry><PokemonType>KAEFER</PokemonType><double>2.0</double></entry><entry><PokemonType>GEIST</PokemonType><double>0.0</double></entry></map></entry><entry><PokemonType>KAMPF</PokemonType><map><entry><PokemonType>PSYCHO</PokemonType><double>2.0</double></entry><entry><PokemonType>GESTEIN</PokemonType><double>0.5</double></entry><entry><PokemonType>FLUG</PokemonType><double>2.0</double></entry><entry><PokemonType>KAEFER</PokemonType><double>0.5</double></entry></map></entry><entry><PokemonType>FLUG</PokemonType><map><entry><PokemonType>GESTEIN</PokemonType><double>2.0</double></entry><entry><PokemonType>BODEN</PokemonType><double>0.0</double></entry><entry><PokemonType>KAMPF</PokemonType><double>0.5</double></entry><entry><PokemonType>KAEFER</PokemonType><double>0.5</double></entry><entry><PokemonType>EIS</PokemonType><double>2.0</double></entry><entry><PokemonType>PFLANZE</PokemonType><double>0.5</double></entry><entry><PokemonType>ELEKTRIZITAET</PokemonType><double>2.0</double></entry></map></entry><entry><PokemonType>KAEFER</PokemonType><map><entry><PokemonType>GESTEIN</PokemonType><double>2.0</double></entry><entry><PokemonType>BODEN</PokemonType><double>0.5</double></entry><entry><PokemonType>KAMPF</PokemonType><double>0.5</double></entry><entry><PokemonType>FLUG</PokemonType><double>2.0</double></entry><entry><PokemonType>FEUER</PokemonType><double>2.0</double></entry><entry><PokemonType>PFLANZE</PokemonType><double>0.5</double></entry><entry><PokemonType>GIFT</PokemonType><double>2.0</double></entry></map></entry><entry><PokemonType>ELEKTRIZITAET</PokemonType><map><entry><PokemonType>BODEN</PokemonType><double>2.0</double></entry><entry><PokemonType>FLUG</PokemonType><double>0.5</double></entry><entry><PokemonType>ELEKTRIZITAET</PokemonType><double>0.5</double></entry></map></entry><entry><PokemonType>NORMAL</PokemonType><map><entry><PokemonType>KAMPF</PokemonType><double>2.0</double></entry><entry><PokemonType>GEIST</PokemonType><double>0.0</double></entry></map></entry><entry><PokemonType>GIFT</PokemonType><map><entry><PokemonType>PSYCHO</PokemonType><double>2.0</double></entry><entry><PokemonType>BODEN</PokemonType><double>2.0</double></entry><entry><PokemonType>KAMPF</PokemonType><double>0.5</double></entry><entry><PokemonType>KAEFER</PokemonType><double>2.0</double></entry><entry><PokemonType>PFLANZE</PokemonType><double>0.5</double></entry><entry><PokemonType>GIFT</PokemonType><double>0.5</double></entry></map></entry><entry><PokemonType>GESTEIN</PokemonType><map><entry><PokemonType>BODEN</PokemonType><double>2.0</double></entry><entry><PokemonType>KAMPF</PokemonType><double>2.0</double></entry><entry><PokemonType>FLUG</PokemonType><double>0.5</double></entry><entry><PokemonType>FEUER</PokemonType><double>0.5</double></entry><entry><PokemonType>NORMAL</PokemonType><double>0.5</double></entry><entry><PokemonType>PFLANZE</PokemonType><double>2.0</double></entry><entry><PokemonType>WASSER</PokemonType><double>2.0</double></entry><entry><PokemonType>GIFT</PokemonType><double>0.5</double></entry></map></entry><entry><PokemonType>BODEN</PokemonType><map><entry><PokemonType>KAMPF</PokemonType><double>2.0</double></entry><entry><PokemonType>GEIST</PokemonType><double>0.0</double></entry></map></entry><entry><PokemonType>EIS</PokemonType><map><entry><PokemonType>GESTEIN</PokemonType><double>2.0</double></entry><entry><PokemonType>KAMPF</PokemonType><double>2.0</double></entry><entry><PokemonType>FEUER</PokemonType><double>2.0</double></entry><entry><PokemonType>EIS</PokemonType><double>0.5</double></entry></map></entry><entry><PokemonType>FEUER</PokemonType><map><entry><PokemonType>GESTEIN</PokemonType><double>2.0</double></entry><entry><PokemonType>BODEN</PokemonType><double>2.0</double></entry><entry><PokemonType>KAEFER</PokemonType><double>0.5</double></entry><entry><PokemonType>FEUER</PokemonType><double>0.5</double></entry><entry><PokemonType>PFLANZE</PokemonType><double>0.5</double></entry><entry><PokemonType>WASSER</PokemonType><double>2.0</double></entry></map></entry><entry><PokemonType>GEIST</PokemonType><map><entry><PokemonType>KAMPF</PokemonType><double>0.0</double></entry><entry><PokemonType>KAEFER</PokemonType><double>0.5</double></entry><entry><PokemonType>GEIST</PokemonType><double>2.0</double></entry><entry><PokemonType>NORMAL</PokemonType><double>0.0</double></entry><entry><PokemonType>GIFT</PokemonType><double>0.5</double></entry></map></entry><entry><PokemonType>PFLANZE</PokemonType><map><entry><PokemonType>BODEN</PokemonType><double>0.5</double></entry><entry><PokemonType>FLUG</PokemonType><double>2.0</double></entry><entry><PokemonType>KAEFER</PokemonType><double>2.0</double></entry><entry><PokemonType>FEUER</PokemonType><double>2.0</double></entry><entry><PokemonType>EIS</PokemonType><double>2.0</double></entry><entry><PokemonType>PFLANZE</PokemonType><double>0.5</double></entry><entry><PokemonType>ELEKTRIZITAET</PokemonType><double>0.5</double></entry><entry><PokemonType>WASSER</PokemonType><double>0.5</double></entry><entry><PokemonType>GIFT</PokemonType><double>2.0</double></entry></map></entry><entry><PokemonType>DRACHE</PokemonType><map><entry><PokemonType>FEUER</PokemonType><double>0.5</double></entry><entry><PokemonType>EIS</PokemonType><double>2.0</double></entry><entry><PokemonType>PFLANZE</PokemonType><double>0.5</double></entry><entry><PokemonType>ELEKTRIZITAET</PokemonType><double>0.5</double></entry><entry><PokemonType>WASSER</PokemonType><double>0.5</double></entry><entry><PokemonType>DRACHE</PokemonType><double>2.0</double></entry></map></entry><entry><PokemonType>WASSER</PokemonType><map><entry><PokemonType>FEUER</PokemonType><double>0.5</double></entry><entry><PokemonType>EIS</PokemonType><double>0.5</double></entry><entry><PokemonType>PFLANZE</PokemonType><double>2.0</double></entry><entry><PokemonType>ELEKTRIZITAET</PokemonType><double>2.0</double></entry><entry><PokemonType>WASSER</PokemonType><double>0.5</double></entry></map></entry></map>