<?xml version="1.0" ?>
<map>

<entry>
	<string>Bisasam</string>
	<map>
		<entry>
			<int>16</int>
			<string>Bisaknosp</string>
		</entry>
	</map>
</entry>

<entry>
	<string>Bisaknosp</string>
	<map>
		<entry>
			<int>32</int>
			<string>Bisaflor</string>
		</entry>
	</map>
</entry>

<entry>
	<string>Glumanda</string>
	<map>
		<entry>
			<int>16</int>
			<string>Glutexo</string>
		</entry>
	</map>
</entry>

<entry>
	<string>Glutexo</string>
	<map>
		<entry>
			<int>36</int>
			<string>Glurak</string>
		</entry>
	</map>
</entry>

<entry>
	<string>Schiggy</string>
	<map>
		<entry>
			<int>16</int>
			<string>Schillok</string>
		</entry>
	</map>
</entry>

<entry>
	<string>Schillok</string>
	<map>
		<entry>
			<int>36</int>
			<string>Turtok</string>
		</entry>
	</map>
</entry>

<entry>
	<string>Raupy</string>
	<map>
		<entry>
			<int>7</int>
			<string>Safcon</string>
		</entry>
	</map>
</entry>

<entry>
	<string>Safcon</string>
	<map>
		<entry>
			<int>10</int>
			<string>Smettbo</string>
		</entry>
	</map>
</entry>

<entry>
	<string>Hornliu</string>
	<map>
		<entry>
			<int>7</int>
			<string>Kokuna</string>
		</entry>
	</map>
</entry>

<entry>
	<string>Kokuna</string>
	<map>
		<entry>
			<int>10</int>
			<string>Bibor</string>
		</entry>
	</map>
</entry>

<entry>
	<string>Taubsi</string>
	<map>
		<entry>
			<int>18</int>
			<string>Tauboga</string>
		</entry>
	</map>
</entry>

<entry>
	<string>Tauboga</string>
	<map>
		<entry>
			<int>36</int>
			<string>Tauboss</string>
		</entry>
	</map>
</entry>

<entry>
	<string>Rattfratz</string>
	<map>
		<entry>
			<int>20</int>
			<string>Rattikarl</string>
		</entry>
	</map>
</entry>

<entry>
	<string>Habitak</string>
	<map>
		<entry>
			<int>20</int>
			<string>Ibitak</string>
		</entry>
	</map>
</entry>

<entry>
	<string>Rettan</string>
	<map>
		<entry>
			<int>22</int>
			<string>Arbok</string>
		</entry>
	</map>
</entry>

<entry>
	<string>Sandan</string>
	<map>
		<entry>
			<int>22</int>
			<string>Sandamer</string>
		</entry>
	</map>
</entry>

<entry>
	<string>Nidoran w.</string>
	<map>
		<entry>
			<int>16</int>
			<string>Nidorina</string>
		</entry>
	</map>
</entry>

<entry>
	<string>Nidoran m.</string>
	<map>
		<entry>
			<int>16</int>
			<string>Nidorino</string>
		</entry>
	</map>
</entry>

<entry>
	<string>Zubat</string>
	<map>
		<entry>
			<int>22</int>
			<string>Golbat</string>
		</entry>
	</map>
</entry>

<entry>
	<string>Myrapla</string>
	<map>
		<entry>
			<int>21</int>
			<string>Duflor</string>
		</entry>
	</map>
</entry>

<entry>
	<string>Paras</string>
	<map>
		<entry>
			<int>24</int>
			<string>Parasek</string>
		</entry>
	</map>
</entry>

<entry>
	<string>Bluzuk</string>
	<map>
		<entry>
			<int>31</int>
			<string>Omot</string>
		</entry>
	</map>
</entry>

<entry>
	<string>Digda</string>
	<map>
		<entry>
			<int>26</int>
			<string>Digdri</string>
		</entry>
	</map>
</entry>

<entry>
	<string>Mauzi</string>
	<map>
		<entry>
			<int>28</int>
			<string>Snobilikat</string>
		</entry>
	</map>
</entry>

<entry>
	<string>Enton</string>
	<map>
		<entry>
			<int>33</int>
			<string>Entoron</string>
		</entry>
	</map>
</entry>

<entry>
	<string>Menki</string>
	<map>
		<entry>
			<int>28</int>
			<string>Rasaff</string>
		</entry>
	</map>
</entry>

<entry>
	<string>Quapsel</string>
	<map>
		<entry>
			<int>25</int>
			<string>Quaputzi</string>
		</entry>
	</map>
</entry>

<entry>
	<string>Abra</string>
	<map>
		<entry>
			<int>16</int>
			<string>Kadabra</string>
		</entry>
	</map>
</entry>

<entry>
	<string>Machollo</string>
	<map>
		<entry>
			<int>28</int>
			<string>Maschock</string>
		</entry>
	</map>
</entry>

<entry>
	<string>Knofensa</string>
	<map>
		<entry>
			<int>21</int>
			<string>Ultrigaria</string>
		</entry>
	</map>
</entry>

<entry>
	<string>Tentacha</string>
	<map>
		<entry>
			<int>30</int>
			<string>Tentoxa</string>
		</entry>
	</map>
</entry>

<entry>
	<string>Kleinstein</string>
	<map>
		<entry>
			<int>25</int>
			<string>Georok</string>
		</entry>
	</map>
</entry>

<entry>
	<string>Ponita</string>
	<map>
		<entry>
			<int>40</int>
			<string>Gallopa</string>
		</entry>
	</map>
</entry>

<entry>
	<string>Flegmon</string>
	<map>
		<entry>
			<int>37</int>
			<string>Lahmus</string>
		</entry>
	</map>
</entry>

<entry>
	<string>Magnetilo</string>
	<map>
		<entry>
			<int>30</int>
			<string>Magneton</string>
		</entry>
	</map>
</entry>

<entry>
	<string>Dodu</string>
	<map>
		<entry>
			<int>31</int>
			<string>Dodri</string>
		</entry>
	</map>
</entry>

<entry>
	<string>Jurob</string>
	<map>
		<entry>
			<int>34</int>
			<string>Jugong</string>
		</entry>
	</map>
</entry>

<entry>
	<string>Sleima</string>
	<map>
		<entry>
			<int>38</int>
			<string>Sleimok</string>
		</entry>
	</map>
</entry>

<entry>
	<string>Nebulak</string>
	<map>
		<entry>
			<int>25</int>
			<string>Alpollo</string>
		</entry>
	</map>
</entry>

<entry>
	<string>Traumato</string>
	<map>
		<entry>
			<int>26</int>
			<string>Hypno</string>
		</entry>
	</map>
</entry>

<entry>
	<string>Krabby</string>
	<map>
		<entry>
			<int>28</int>
			<string>Kingler</string>
		</entry>
	</map>
</entry>

<entry>
	<string>Voltobal</string>
	<map>
		<entry>
			<int>30</int>
			<string>Lektrobal</string>
		</entry>
	</map>
</entry>

<entry>
	<string>Tragosso</string>
	<map>
		<entry>
			<int>28</int>
			<string>Knogga</string>
		</entry>
	</map>
</entry>

<entry>
	<string>Smogon</string>
	<map>
		<entry>
			<int>35</int>
			<string>Smogmog</string>
		</entry>
	</map>
</entry>

<entry>
	<string>Rihorn</string>
	<map>
		<entry>
			<int>42</int>
			<string>Rizeros</string>
		</entry>
	</map>
</entry>

<entry>
	<string>Seeper</string>
	<map>
		<entry>
			<int>32</int>
			<string>Seemon</string>
		</entry>
	</map>
</entry>

<entry>
	<string>Goldini</string>
	<map>
		<entry>
			<int>33</int>
			<string>Golking</string>
		</entry>
	</map>
</entry>

<entry>
	<string>Karpador</string>
	<map>
		<entry>
			<int>20</int>
			<string>Garados</string>
		</entry>
	</map>
</entry>

<entry>
	<string>Amonitas</string>
	<map>
		<entry>
			<int>40</int>
			<string>Amoroso</string>
		</entry>
	</map>
</entry>

<entry>
	<string>Kabuto</string>
	<map>
		<entry>
			<int>40</int>
			<string>Kabutops</string>
		</entry>
	</map>
</entry>

<entry>
	<string>Dratini</string>
	<map>
		<entry>
			<int>30</int>
			<string>Dragonir</string>
		</entry>
	</map>
</entry>

<entry>
	<string>Dragonir</string>
	<map>
		<entry>
			<int>55</int>
			<string>Dragoran</string>
		</entry>
	</map>
</entry>
</map>