<?xml version="1.0" ?>
<list>
	<Pokemon name="Bisasam">
		<id>1</id>
		<level>1</level>
		<type>PFLANZE</type>
		<att>65.0</att>
		<deff>65.0</deff>
		<motivation>100.0</motivation>
		<init>80.0</init>
		<base_hp>45.0</base_hp>
		<xp>64</xp>
		<spawn>0.69</spawn>
	</Pokemon>
	<Pokemon name="Bisaknosp">
		<id>2</id>
		<level>1</level>
		<type>PFLANZE</type>
		<att>80.0</att>
		<deff>80.0</deff>
		<motivation>100.0</motivation>
		<init>90.0</init>
		<base_hp>60.0</base_hp>
		<xp>142</xp>
		<spawn>0.042</spawn>
	</Pokemon>
	<Pokemon name="Bisaflor">
		<id>3</id>
		<level>1</level>
		<type>PFLANZE</type>
		<att>100.0</att>
		<deff>100.0</deff>
		<motivation>100.0</motivation>
		<init>100.0</init>
		<base_hp>80.0</base_hp>
		<xp>236</xp>
		<spawn>0.017</spawn>
	</Pokemon>
	<Pokemon name="Glumanda">
		<id>4</id>
		<level>1</level>
		<type>FEUER</type>
		<att>60.0</att>
		<deff>50.0</deff>
		<motivation>100.0</motivation>
		<init>80.0</init>
		<base_hp>39.0</base_hp>
		<xp>62</xp>
		<spawn>0.253</spawn>
	</Pokemon>
	<Pokemon name="Glutexo">
		<id>5</id>
		<level>1</level>
		<type>FEUER</type>
		<att>80.0</att>
		<deff>65.0</deff>
		<motivation>100.0</motivation>
		<init>90.0</init>
		<base_hp>58.0</base_hp>
		<xp>142</xp>
		<spawn>0.012</spawn>
	</Pokemon>
	<Pokemon name="Glurak">
		<id>6</id>
		<level>1</level>
		<type>FEUER</type>
		<att>109.0</att>
		<deff>85.0</deff>
		<motivation>100.0</motivation>
		<init>100.0</init>
		<base_hp>78.0</base_hp>
		<xp>240</xp>
		<spawn>0.0031</spawn>
	</Pokemon>
	<Pokemon name="Schiggy">
		<id>7</id>
		<level>1</level>
		<type>WASSER</type>
		<att>50.0</att>
		<deff>65.0</deff>
		<motivation>100.0</motivation>
		<init>80.0</init>
		<base_hp>44.0</base_hp>
		<xp>63</xp>
		<spawn>0.58</spawn>
	</Pokemon>
	<Pokemon name="Schillok">
		<id>8</id>
		<level>1</level>
		<type>WASSER</type>
		<att>65.0</att>
		<deff>80.0</deff>
		<motivation>100.0</motivation>
		<init>90.0</init>
		<base_hp>59.0</base_hp>
		<xp>142</xp>
		<spawn>0.034</spawn>
	</Pokemon>
	<Pokemon name="Turtok">
		<id>9</id>
		<level>1</level>
		<type>WASSER</type>
		<att>85.0</att>
		<deff>105.0</deff>
		<motivation>100.0</motivation>
		<init>100.0</init>
		<base_hp>79.0</base_hp>
		<xp>239</xp>
		<spawn>0.0067</spawn>
	</Pokemon>
	<Pokemon name="Raupy">
		<id>10</id>
		<level>1</level>
		<type>KAEFER</type>
		<att>30.0</att>
		<deff>35.0</deff>
		<motivation>100.0</motivation>
		<init>80.0</init>
		<base_hp>45.0</base_hp>
		<xp>39</xp>
		<spawn>3.032</spawn>
	</Pokemon>
	<Pokemon name="Safcon">
		<id>11</id>
		<level>1</level>
		<type>KAEFER</type>
		<att>25.0</att>
		<deff>55.0</deff>
		<motivation>100.0</motivation>
		<init>90.0</init>
		<base_hp>50.0</base_hp>
		<xp>72</xp>
		<spawn>0.187</spawn>
	</Pokemon>
	<Pokemon name="Smettbo">
		<id>12</id>
		<level>1</level>
		<type>KAEFER</type>
		<att>90.0</att>
		<deff>80.0</deff>
		<motivation>100.0</motivation>
		<init>100.0</init>
		<base_hp>60.0</base_hp>
		<xp>178</xp>
		<spawn>0.022</spawn>
	</Pokemon>
	<Pokemon name="Hornliu">
		<id>13</id>
		<level>1</level>
		<type>KAEFER</type>
		<att>35.0</att>
		<deff>30.0</deff>
		<motivation>100.0</motivation>
		<init>80.0</init>
		<base_hp>40.0</base_hp>
		<xp>39</xp>
		<spawn>7.12</spawn>
	</Pokemon>
	<Pokemon name="Kokuna">
		<id>14</id>
		<level>1</level>
		<type>KAEFER</type>
		<att>25.0</att>
		<deff>50.0</deff>
		<motivation>100.0</motivation>
		<init>90.0</init>
		<base_hp>45.0</base_hp>
		<xp>72</xp>
		<spawn>0.44</spawn>
	</Pokemon>
	<Pokemon name="Bibor">
		<id>15</id>
		<level>1</level>
		<type>KAEFER</type>
		<att>90.0</att>
		<deff>80.0</deff>
		<motivation>100.0</motivation>
		<init>100.0</init>
		<base_hp>65.0</base_hp>
		<xp>178</xp>
		<spawn>0.051</spawn>
	</Pokemon>
	<Pokemon name="Taubsi">
		<id>16</id>
		<level>1</level>
		<type>KAEFER</type>
		<att>45.0</att>
		<deff>40.0</deff>
		<motivation>100.0</motivation>
		<init>80.0</init>
		<base_hp>40.0</base_hp>
		<xp>50</xp>
		<spawn>15.98</spawn>
	</Pokemon>
	<Pokemon name="Tauboga">
		<id>17</id>
		<level>1</level>
		<type>FLUG</type>
		<att>60.0</att>
		<deff>55.0</deff>
		<motivation>100.0</motivation>
		<init>90.0</init>
		<base_hp>63.0</base_hp>
		<xp>122</xp>
		<spawn>1.02</spawn>
	</Pokemon>
	<Pokemon name="Tauboss">
		<id>18</id>
		<level>1</level>
		<type>FLUG</type>
		<att>80.0</att>
		<deff>75.0</deff>
		<motivation>100.0</motivation>
		<init>100.0</init>
		<base_hp>83.0</base_hp>
		<xp>216</xp>
		<spawn>0.13</spawn>
	</Pokemon>
	<Pokemon name="Rattfratz">
		<id>19</id>
		<level>1</level>
		<type>NORMAL</type>
		<att>56.0</att>
		<deff>35.0</deff>
		<motivation>100.0</motivation>
		<init>85.0</init>
		<base_hp>30.0</base_hp>
		<xp>51</xp>
		<spawn>13.05</spawn>
	</Pokemon>
	<Pokemon name="Rattikarl">
		<id>20</id>
		<level>1</level>
		<type>NORMAL</type>
		<att>81.0</att>
		<deff>70.0</deff>
		<motivation>100.0</motivation>
		<init>95.0</init>
		<base_hp>55.0</base_hp>
		<xp>145</xp>
		<spawn>0.41</spawn>
	</Pokemon>
	<Pokemon name="Habitak">
		<id>21</id>
		<level>1</level>
		<type>FLUG</type>
		<att>60.0</att>
		<deff>31.0</deff>
		<motivation>100.0</motivation>
		<init>85.0</init>
		<base_hp>40.0</base_hp>
		<xp>52</xp>
		<spawn>4.73</spawn>
	</Pokemon>
	<Pokemon name="Ibitak">
		<id>22</id>
		<level>1</level>
		<type>FLUG</type>
		<att>90.0</att>
		<deff>65.0</deff>
		<motivation>100.0</motivation>
		<init>95.0</init>
		<base_hp>65.0</base_hp>
		<xp>155</xp>
		<spawn>0.15</spawn>
	</Pokemon>
	<Pokemon name="Rettan">
		<id>23</id>
		<level>1</level>
		<type>GIFT</type>
		<att>60.0</att>
		<deff>54.0</deff>
		<motivation>100.0</motivation>
		<init>85.0</init>
		<base_hp>35.0</base_hp>
		<xp>58</xp>
		<spawn>2.27</spawn>
	</Pokemon>
	<Pokemon name="Arbok">
		<id>24</id>
		<level>1</level>
		<type>GIFT</type>
		<att>95.0</att>
		<deff>79.0</deff>
		<motivation>100.0</motivation>
		<init>95.0</init>
		<base_hp>60.0</base_hp>
		<xp>157</xp>
		<spawn>0.072</spawn>
	</Pokemon>
	<Pokemon name="Pikachu">
		<id>25</id>
		<level>1</level>
		<type>ELEKTRIZITAET</type>
		<att>55.0</att>
		<deff>50.0</deff>
		<motivation>100.0</motivation>
		<init>90.0</init>
		<base_hp>35.0</base_hp>
		<xp>112</xp>
		<spawn>0.21</spawn>
	</Pokemon>
	<Pokemon name="Raichu">
		<id>26</id>
		<level>1</level>
		<type>ELEKTRIZITAET</type>
		<att>90.0</att>
		<deff>80.0</deff>
		<motivation>100.0</motivation>
		<init>100.0</init>
		<base_hp>60.0</base_hp>
		<xp>218</xp>
		<spawn>0.0076</spawn>
	</Pokemon>
	<Pokemon name="Sandan">
		<id>27</id>
		<level>1</level>
		<type>BODEN</type>
		<att>75.0</att>
		<deff>85.0</deff>
		<motivation>100.0</motivation>
		<init>85.0</init>
		<base_hp>50.0</base_hp>
		<xp>60</xp>
		<spawn>1.11</spawn>
	</Pokemon>
	<Pokemon name="Sandamer">
		<id>28</id>
		<level>1</level>
		<type>BODEN</type>
		<att>100.0</att>
		<deff>110.0</deff>
		<motivation>100.0</motivation>
		<init>95.0</init>
		<base_hp>75.0</base_hp>
		<xp>158</xp>
		<spawn>0.037</spawn>
	</Pokemon>
	<Pokemon name="Nidoran w.">
		<id>29</id>
		<level>1</level>
		<type>GIFT</type>
		<att>47.0</att>
		<deff>52.0</deff>
		<motivation>100.0</motivation>
		<init>80.0</init>
		<base_hp>55.0</base_hp>
		<xp>55</xp>
		<spawn>1.38</spawn>
	</Pokemon>
	<Pokemon name="Nidorina">
		<id>30</id>
		<level>1</level>
		<type>GIFT</type>
		<att>62.0</att>
		<deff>67.0</deff>
		<motivation>100.0</motivation>
		<init>90.0</init>
		<base_hp>70.0</base_hp>
		<xp>128</xp>
		<spawn>0.088</spawn>
	</Pokemon>
	<Pokemon name="Nidoqueen">
		<id>31</id>
		<level>1</level>
		<type>GIFT</type>
		<att>92.0</att>
		<deff>87.0</deff>
		<motivation>100.0</motivation>
		<init>100.0</init>
		<base_hp>90.0</base_hp>
		<xp>227</xp>
		<spawn>0.012</spawn>
	</Pokemon>
	<Pokemon name="Nidoran m.">
		<id>32</id>
		<level>1</level>
		<type>GIFT</type>
		<att>57.0</att>
		<deff>40.0</deff>
		<motivation>100.0</motivation>
		<init>80.0</init>
		<base_hp>46.0</base_hp>
		<xp>55</xp>
		<spawn>1.31</spawn>
	</Pokemon>
	<Pokemon name="Nidorino">
		<id>33</id>
		<level>1</level>
		<type>GIFT</type>
		<att>72.0</att>
		<deff>57.0</deff>
		<motivation>100.0</motivation>
		<init>90.0</init>
		<base_hp>61.0</base_hp>
		<xp>128</xp>
		<spawn>0.083</spawn>
	</Pokemon>
	<Pokemon name="Nidoking">
		<id>34</id>
		<level>1</level>
		<type>GIFT</type>
		<att>102.0</att>
		<deff>77.0</deff>
		<motivation>100.0</motivation>
		<init>100.0</init>
		<base_hp>81.0</base_hp>
		<xp>227</xp>
		<spawn>0.017</spawn>
	</Pokemon>
	<Pokemon name="Piepi">
		<id>35</id>
		<level>1</level>
		<type>NORMAL</type>
		<att>60.0</att>
		<deff>65.0</deff>
		<motivation>100.0</motivation>
		<init>87.0</init>
		<base_hp>70.0</base_hp>
		<xp>113</xp>
		<spawn>0.92</spawn>
	</Pokemon>
	<Pokemon name="Pixi">
		<id>36</id>
		<level>1</level>
		<type>NORMAL</type>
		<att>95.0</att>
		<deff>90.0</deff>
		<motivation>100.0</motivation>
		<init>97.0</init>
		<base_hp>95.0</base_hp>
		<xp>217</xp>
		<spawn>0.012</spawn>
	</Pokemon>
	<Pokemon name="Vulpix">
		<id>37</id>
		<level>1</level>
		<type>FEUER</type>
		<att>50.0</att>
		<deff>65.0</deff>
		<motivation>100.0</motivation>
		<init>85.0</init>
		<base_hp>38.0</base_hp>
		<xp>60</xp>
		<spawn>0.22</spawn>
	</Pokemon>
	<Pokemon name="Vulnona">
		<id>38</id>
		<level>1</level>
		<type>FEUER</type>
		<att>81.0</att>
		<deff>100.0</deff>
		<motivation>100.0</motivation>
		<init>95.0</init>
		<base_hp>73.0</base_hp>
		<xp>177</xp>
		<spawn>0.0077</spawn>
	</Pokemon>
	<Pokemon name="Pummeluff">
		<id>39</id>
		<level>1</level>
		<type>NORMAL</type>
		<att>45.0</att>
		<deff>25.0</deff>
		<motivation>100.0</motivation>
		<init>87.0</init>
		<base_hp>115.0</base_hp>
		<xp>95</xp>
		<spawn>0.39</spawn>
	</Pokemon>
	<Pokemon name="Fluffeluff">
		<id>40</id>
		<level>1</level>
		<type>NORMAL</type>
		<att>85.0</att>
		<deff>50.0</deff>
		<motivation>100.0</motivation>
		<init>97.0</init>
		<base_hp>140.0</base_hp>
		<xp>196</xp>
		<spawn>0.018</spawn>
	</Pokemon>
	<Pokemon name="Zubat">
		<id>41</id>
		<level>1</level>
		<type>GIFT</type>
		<att>45.0</att>
		<deff>40.0</deff>
		<motivation>100.0</motivation>
		<init>85.0</init>
		<base_hp>40.0</base_hp>
		<xp>49</xp>
		<spawn>6.52</spawn>
	</Pokemon>
	<Pokemon name="Golbat">
		<id>42</id>
		<level>1</level>
		<type>GIFT</type>
		<att>80.0</att>
		<deff>75.0</deff>
		<motivation>100.0</motivation>
		<init>95.0</init>
		<base_hp>75.0</base_hp>
		<xp>159</xp>
		<spawn>0.42</spawn>
	</Pokemon>
	<Pokemon name="Myrapla">
		<id>43</id>
		<level>1</level>
		<type>GIFT</type>
		<att>75.0</att>
		<deff>65.0</deff>
		<motivation>100.0</motivation>
		<init>80.0</init>
		<base_hp>45.0</base_hp>
		<xp>64</xp>
		<spawn>1.02</spawn>
	</Pokemon>
	<Pokemon name="Duflor">
		<id>44</id>
		<level>1</level>
		<type>GIFT</type>
		<att>85.0</att>
		<deff>75.0</deff>
		<motivation>100.0</motivation>
		<init>90.0</init>
		<base_hp>60.0</base_hp>
		<xp>138</xp>
		<spawn>0.064</spawn>
	</Pokemon>
	<Pokemon name="Giflor">
		<id>45</id>
		<level>1</level>
		<type>GIFT</type>
		<att>110.0</att>
		<deff>90.0</deff>
		<motivation>100.0</motivation>
		<init>100.0</init>
		<base_hp>75.0</base_hp>
		<xp>221</xp>
		<spawn>0.0097</spawn>
	</Pokemon>
	<Pokemon name="Paras">
		<id>46</id>
		<level>1</level>
		<type>KAEFER</type>
		<att>70.0</att>
		<deff>55.0</deff>
		<motivation>100.0</motivation>
		<init>85.0</init>
		<base_hp>35.0</base_hp>
		<xp>57</xp>
		<spawn>2.36</spawn>
	</Pokemon>
	<Pokemon name="Parasek">
		<id>47</id>
		<level>1</level>
		<type>KAEFER</type>
		<att>95.0</att>
		<deff>80.0</deff>
		<motivation>100.0</motivation>
		<init>95.0</init>
		<base_hp>60.0</base_hp>
		<xp>142</xp>
		<spawn>0.074</spawn>
	</Pokemon>
	<Pokemon name="Bluzuk">
		<id>48</id>
		<level>1</level>
		<type>KAEFER</type>
		<att>55.0</att>
		<deff>55.0</deff>
		<motivation>100.0</motivation>
		<init>85.0</init>
		<base_hp>60.0</base_hp>
		<xp>61</xp>
		<spawn>2.28</spawn>
	</Pokemon>
	<Pokemon name="Omot">
		<id>49</id>
		<level>1</level>
		<type>KAEFER</type>
		<att>90.0</att>
		<deff>75.0</deff>
		<motivation>100.0</motivation>
		<init>95.0</init>
		<base_hp>70.0</base_hp>
		<xp>158</xp>
		<spawn>0.072</spawn>
	</Pokemon>
	<Pokemon name="Digda">
		<id>50</id>
		<level>1</level>
		<type>BODEN</type>
		<att>55.0</att>
		<deff>45.0</deff>
		<motivation>100.0</motivation>
		<init>87.0</init>
		<base_hp>10.0</base_hp>
		<xp>53</xp>
		<spawn>0.4</spawn>
	</Pokemon>
	<Pokemon name="Digdri">
		<id>51</id>
		<level>1</level>
		<type>BODEN</type>
		<att>100.0</att>
		<deff>70.0</deff>
		<motivation>100.0</motivation>
		<init>97.0</init>
		<base_hp>35.0</base_hp>
		<xp>149</xp>
		<spawn>0.014</spawn>
	</Pokemon>
	<Pokemon name="Mauzi">
		<id>52</id>
		<level>1</level>
		<type>NORMAL</type>
		<att>45.0</att>
		<deff>40.0</deff>
		<motivation>100.0</motivation>
		<init>85.0</init>
		<base_hp>40.0</base_hp>
		<xp>58</xp>
		<spawn>0.86</spawn>
	</Pokemon>
	<Pokemon name="Snobilikat">
		<id>53</id>
		<level>1</level>
		<type>NORMAL</type>
		<att>70.0</att>
		<deff>65.0</deff>
		<motivation>100.0</motivation>
		<init>95.0</init>
		<base_hp>65.0</base_hp>
		<xp>154</xp>
		<spawn>0.022</spawn>
	</Pokemon>
	<Pokemon name="Enton">
		<id>54</id>
		<level>1</level>
		<type>WASSER</type>
		<att>65.0</att>
		<deff>50.0</deff>
		<motivation>100.0</motivation>
		<init>85.0</init>
		<base_hp>50.0</base_hp>
		<xp>64</xp>
		<spawn>2.54</spawn>
	</Pokemon>
	<Pokemon name="Entoron">
		<id>55</id>
		<level>1</level>
		<type>WASSER</type>
		<att>95.0</att>
		<deff>80.0</deff>
		<motivation>100.0</motivation>
		<init>95.0</init>
		<base_hp>80.0</base_hp>
		<xp>175</xp>
		<spawn>0.087</spawn>
	</Pokemon>
	<Pokemon name="Menki">
		<id>56</id>
		<level>1</level>
		<type>KAMPF</type>
		<att>80.0</att>
		<deff>45.0</deff>
		<motivation>100.0</motivation>
		<init>85.0</init>
		<base_hp>40.0</base_hp>
		<xp>61</xp>
		<spawn>0.92</spawn>
	</Pokemon>
	<Pokemon name="Rasaff">
		<id>57</id>
		<level>1</level>
		<type>KAMPF</type>
		<att>105.0</att>
		<deff>60.0</deff>
		<motivation>100.0</motivation>
		<init>95.0</init>
		<base_hp>65.0</base_hp>
		<xp>159</xp>
		<spawn>0.031</spawn>
	</Pokemon>
	<Pokemon name="Fukano">
		<id>58</id>
		<level>1</level>
		<type>FEUER</type>
		<att>70.0</att>
		<deff>50.0</deff>
		<motivation>100.0</motivation>
		<init>85.0</init>
		<base_hp>55.0</base_hp>
		<xp>70</xp>
		<spawn>0.92</spawn>
	</Pokemon>
	<Pokemon name="Arkani">
		<id>59</id>
		<level>1</level>
		<type>FEUER</type>
		<att>110.0</att>
		<deff>80.0</deff>
		<motivation>100.0</motivation>
		<init>95.0</init>
		<base_hp>90.0</base_hp>
		<xp>194</xp>
		<spawn>0.017</spawn>
	</Pokemon>
	<Pokemon name="Quapsel">
		<id>60</id>
		<level>1</level>
		<type>WASSER</type>
		<att>50.0</att>
		<deff>40.0</deff>
		<motivation>100.0</motivation>
		<init>80.0</init>
		<base_hp>40.0</base_hp>
		<xp>60</xp>
		<spawn>2.19</spawn>
	</Pokemon>
	<Pokemon name="Quaputzi">
		<id>61</id>
		<level>1</level>
		<type>WASSER</type>
		<att>65.0</att>
		<deff>65.0</deff>
		<motivation>100.0</motivation>
		<init>90.0</init>
		<base_hp>65.0</base_hp>
		<xp>135</xp>
		<spawn>0.13</spawn>
	</Pokemon>
	<Pokemon name="Quappo">
		<id>62</id>
		<level>1</level>
		<type>WASSER</type>
		<att>95.0</att>
		<deff>95.0</deff>
		<motivation>100.0</motivation>
		<init>100.0</init>
		<base_hp>90.0</base_hp>
		<xp>230</xp>
		<spawn>0.011</spawn>
	</Pokemon>
	<Pokemon name="Abra">
		<id>63</id>
		<level>1</level>
		<type>PSYCHO</type>
		<att>105.0</att>
		<deff>55.0</deff>
		<motivation>100.0</motivation>
		<init>80.0</init>
		<base_hp>25.0</base_hp>
		<xp>62</xp>
		<spawn>0.42</spawn>
	</Pokemon>
	<Pokemon name="Kadabra">
		<id>64</id>
		<level>1</level>
		<type>PSYCHO</type>
		<att>120.0</att>
		<deff>70.0</deff>
		<motivation>100.0</motivation>
		<init>90.0</init>
		<base_hp>40.0</base_hp>
		<xp>140</xp>
		<spawn>0.027</spawn>
	</Pokemon>
	<Pokemon name="Simsala">
		<id>65</id>
		<level>1</level>
		<type>PSYCHO</type>
		<att>135.0</att>
		<deff>95.0</deff>
		<motivation>100.0</motivation>
		<init>100.0</init>
		<base_hp>55.0</base_hp>
		<xp>225</xp>
		<spawn>0.0073</spawn>
	</Pokemon>
	<Pokemon name="Machollo">
		<id>66</id>
		<level>1</level>
		<type>KAMPF</type>
		<att>80.0</att>
		<deff>50.0</deff>
		<motivation>100.0</motivation>
		<init>80.0</init>
		<base_hp>70.0</base_hp>
		<xp>61</xp>
		<spawn>0.49</spawn>
	</Pokemon>
	<Pokemon name="Maschock">
		<id>67</id>
		<level>1</level>
		<type>KAMPF</type>
		<att>100.0</att>
		<deff>70.0</deff>
		<motivation>100.0</motivation>
		<init>90.0</init>
		<base_hp>80.0</base_hp>
		<xp>142</xp>
		<spawn>0.034</spawn>
	</Pokemon>
	<Pokemon name="Machomei">
		<id>68</id>
		<level>1</level>
		<type>KAMPF</type>
		<att>130.0</att>
		<deff>85.0</deff>
		<motivation>100.0</motivation>
		<init>100.0</init>
		<base_hp>90.0</base_hp>
		<xp>227</xp>
		<spawn>0.0068</spawn>
	</Pokemon>
	<Pokemon name="Knofensa">
		<id>69</id>
		<level>1</level>
		<type>PFLANZE</type>
		<att>75.0</att>
		<deff>35.0</deff>
		<motivation>100.0</motivation>
		<init>80.0</init>
		<base_hp>50.0</base_hp>
		<xp>60</xp>
		<spawn>1.15</spawn>
	</Pokemon>
	<Pokemon name="Ultrigaria">
		<id>70</id>
		<level>1</level>
		<type>PFLANZE</type>
		<att>90.0</att>
		<deff>50.0</deff>
		<motivation>100.0</motivation>
		<init>90.0</init>
		<base_hp>65.0</base_hp>
		<xp>137</xp>
		<spawn>0.072</spawn>
	</Pokemon>
	<Pokemon name="Sarzenia">
		<id>71</id>
		<level>1</level>
		<type>PFLANZE</type>
		<att>105.0</att>
		<deff>70.0</deff>
		<motivation>100.0</motivation>
		<init>100.0</init>
		<base_hp>80.0</base_hp>
		<xp>221</xp>
		<spawn>0.0059</spawn>
	</Pokemon>
	<Pokemon name="Tentacha">
		<id>72</id>
		<level>1</level>
		<type>WASSER</type>
		<att>50.0</att>
		<deff>100.0</deff>
		<motivation>100.0</motivation>
		<init>85.0</init>
		<base_hp>40.0</base_hp>
		<xp>67</xp>
		<spawn>0.81</spawn>
	</Pokemon>
	<Pokemon name="Tentoxa">
		<id>73</id>
		<level>1</level>
		<type>WASSER</type>
		<att>80.0</att>
		<deff>120.0</deff>
		<motivation>100.0</motivation>
		<init>95.0</init>
		<base_hp>80.0</base_hp>
		<xp>180</xp>
		<spawn>0.082</spawn>
	</Pokemon>
	<Pokemon name="Kleinstein">
		<id>74</id>
		<level>1</level>
		<type>GESTEIN</type>
		<att>80.0</att>
		<deff>100.0</deff>
		<motivation>100.0</motivation>
		<init>80.0</init>
		<base_hp>40.0</base_hp>
		<xp>60</xp>
		<spawn>1.19</spawn>
	</Pokemon>
	<Pokemon name="Georok">
		<id>75</id>
		<level>1</level>
		<type>GESTEIN</type>
		<att>95.0</att>
		<deff>115.0</deff>
		<motivation>100.0</motivation>
		<init>90.0</init>
		<base_hp>55.0</base_hp>
		<xp>137</xp>
		<spawn>0.071</spawn>
	</Pokemon>
	<Pokemon name="Geowaz">
		<id>76</id>
		<level>1</level>
		<type>GESTEIN</type>
		<att>120.0</att>
		<deff>130.0</deff>
		<motivation>100.0</motivation>
		<init>100.0</init>
		<base_hp>80.0</base_hp>
		<xp>223</xp>
		<spawn>0.0047</spawn>
	</Pokemon>
	<Pokemon name="Ponita">
		<id>77</id>
		<level>1</level>
		<type>FEUER</type>
		<att>85.0</att>
		<deff>65.0</deff>
		<motivation>100.0</motivation>
		<init>85.0</init>
		<base_hp>50.0</base_hp>
		<xp>82</xp>
		<spawn>0.51</spawn>
	</Pokemon>
	<Pokemon name="Gallopa">
		<id>78</id>
		<level>1</level>
		<type>FEUER</type>
		<att>100.0</att>
		<deff>80.0</deff>
		<motivation>100.0</motivation>
		<init>95.0</init>
		<base_hp>65.0</base_hp>
		<xp>175</xp>
		<spawn>0.011</spawn>
	</Pokemon>
	<Pokemon name="Flegmon">
		<id>79</id>
		<level>1</level>
		<type>PSYCHO</type>
		<att>65.0</att>
		<deff>65.0</deff>
		<motivation>100.0</motivation>
		<init>85.0</init>
		<base_hp>90.0</base_hp>
		<xp>63</xp>
		<spawn>1.05</spawn>
	</Pokemon>
	<Pokemon name="Lahmus">
		<id>80</id>
		<level>1</level>
		<type>PSYCHO</type>
		<att>100.0</att>
		<deff>110.0</deff>
		<motivation>100.0</motivation>
		<init>95.0</init>
		<base_hp>95.0</base_hp>
		<xp>172</xp>
		<spawn>0.036</spawn>
	</Pokemon>
	<Pokemon name="Magnetilo">
		<id>81</id>
		<level>1</level>
		<type>ELEKTRIZITAET</type>
		<att>95.0</att>
		<deff>70.0</deff>
		<motivation>100.0</motivation>
		<init>85.0</init>
		<base_hp>25.0</base_hp>
		<xp>65</xp>
		<spawn>0.71</spawn>
	</Pokemon>
	<Pokemon name="Magneton">
		<id>82</id>
		<level>1</level>
		<type>ELEKTRIZITAET</type>
		<att>120.0</att>
		<deff>95.0</deff>
		<motivation>100.0</motivation>
		<init>95.0</init>
		<base_hp>50.0</base_hp>
		<xp>163</xp>
		<spawn>0.023</spawn>
	</Pokemon>
	<Pokemon name="Porenta">
		<id>83</id>
		<level>1</level>
		<type>FLUG</type>
		<att>90.0</att>
		<deff>62.0</deff>
		<motivation>100.0</motivation>
		<init>99.0</init>
		<base_hp>52.0</base_hp>
		<xp>132</xp>
		<spawn>0.0212</spawn>
	</Pokemon>
	<Pokemon name="Dodu">
		<id>84</id>
		<level>1</level>
		<type>NORMAL</type>
		<att>85.0</att>
		<deff>45.0</deff>
		<motivation>100.0</motivation>
		<init>85.0</init>
		<base_hp>35.0</base_hp>
		<xp>62</xp>
		<spawn>0.52</spawn>
	</Pokemon>
	<Pokemon name="Dodri">
		<id>85</id>
		<level>1</level>
		<type>NORMAL</type>
		<att>110.0</att>
		<deff>70.0</deff>
		<motivation>100.0</motivation>
		<init>95.0</init>
		<base_hp>60.0</base_hp>
		<xp>165</xp>
		<spawn>0.22</spawn>
	</Pokemon>
	<Pokemon name="Jurob">
		<id>86</id>
		<level>1</level>
		<type>WASSER</type>
		<att>45.0</att>
		<deff>70.0</deff>
		<motivation>100.0</motivation>
		<init>85.0</init>
		<base_hp>65.0</base_hp>
		<xp>65</xp>
		<spawn>0.28</spawn>
	</Pokemon>
	<Pokemon name="Jugong">
		<id>87</id>
		<level>1</level>
		<type>WASSER</type>
		<att>70.0</att>
		<deff>95.0</deff>
		<motivation>100.0</motivation>
		<init>95.0</init>
		<base_hp>90.0</base_hp>
		<xp>166</xp>
		<spawn>0.013</spawn>
	</Pokemon>
	<Pokemon name="Sleima">
		<id>88</id>
		<level>1</level>
		<type>GIFT</type>
		<att>80.0</att>
		<deff>50.0</deff>
		<motivation>100.0</motivation>
		<init>85.0</init>
		<base_hp>80.0</base_hp>
		<xp>65</xp>
		<spawn>0.052</spawn>
	</Pokemon>
	<Pokemon name="Sleimok">
		<id>89</id>
		<level>1</level>
		<type>GIFT</type>
		<att>105.0</att>
		<deff>100.0</deff>
		<motivation>100.0</motivation>
		<init>95.0</init>
		<base_hp>105.0</base_hp>
		<xp>175</xp>
		<spawn>0.0031</spawn>
	</Pokemon>
	<Pokemon name="Muschas">
		<id>90</id>
		<level>1</level>
		<type>WASSER</type>
		<att>65.0</att>
		<deff>100.0</deff>
		<motivation>100.0</motivation>
		<init>85.0</init>
		<base_hp>30.0</base_hp>
		<xp>61</xp>
		<spawn>0.52</spawn>
	</Pokemon>
	<Pokemon name="Austos">
		<id>91</id>
		<level>1</level>
		<type>WASSER</type>
		<att>95.0</att>
		<deff>180.0</deff>
		<motivation>100.0</motivation>
		<init>95.0</init>
		<base_hp>50.0</base_hp>
		<xp>184</xp>
		<spawn>0.015</spawn>
	</Pokemon>
	<Pokemon name="Nebulak">
		<id>92</id>
		<level>1</level>
		<type>GEIST</type>
		<att>100.0</att>
		<deff>35.0</deff>
		<motivation>100.0</motivation>
		<init>80.0</init>
		<base_hp>30.0</base_hp>
		<xp>62</xp>
		<spawn>0.79</spawn>
	</Pokemon>
	<Pokemon name="Alpollo">
		<id>93</id>
		<level>1</level>
		<type>GEIST</type>
		<att>115.0</att>
		<deff>55.0</deff>
		<motivation>100.0</motivation>
		<init>90.0</init>
		<base_hp>45.0</base_hp>
		<xp>142</xp>
		<spawn>0.052</spawn>
	</Pokemon>
	<Pokemon name="Gengar">
		<id>94</id>
		<level>1</level>
		<type>GEIST</type>
		<att>130.0</att>
		<deff>75.0</deff>
		<motivation>100.0</motivation>
		<init>100.0</init>
		<base_hp>60.0</base_hp>
		<xp>225</xp>
		<spawn>0.0067</spawn>
	</Pokemon>
	<Pokemon name="Onix">
		<id>95</id>
		<level>1</level>
		<type>GESTEIN</type>
		<att>45.0</att>
		<deff>160.0</deff>
		<motivation>100.0</motivation>
		<init>99.0</init>
		<base_hp>35.0</base_hp>
		<xp>77</xp>
		<spawn>0.1</spawn>
	</Pokemon>
	<Pokemon name="Traumato">
		<id>96</id>
		<level>1</level>
		<type>PSYCHO</type>
		<att>48.0</att>
		<deff>90.0</deff>
		<motivation>100.0</motivation>
		<init>85.0</init>
		<base_hp>60.0</base_hp>
		<xp>66</xp>
		<spawn>3.21</spawn>
	</Pokemon>
	<Pokemon name="Hypno">
		<id>97</id>
		<level>1</level>
		<type>PSYCHO</type>
		<att>73.0</att>
		<deff>115.0</deff>
		<motivation>100.0</motivation>
		<init>95.0</init>
		<base_hp>85.0</base_hp>
		<xp>169</xp>
		<spawn>0.1</spawn>
	</Pokemon>
	<Pokemon name="Krabby">
		<id>98</id>
		<level>1</level>
		<type>WASSER</type>
		<att>105.0</att>
		<deff>90.0</deff>
		<motivation>100.0</motivation>
		<init>85.0</init>
		<base_hp>30.0</base_hp>
		<xp>65</xp>
		<spawn>2.12</spawn>
	</Pokemon>
	<Pokemon name="Kingler">
		<id>99</id>
		<level>1</level>
		<type>WASSER</type>
		<att>130.0</att>
		<deff>115.0</deff>
		<motivation>100.0</motivation>
		<init>95.0</init>
		<base_hp>55.0</base_hp>
		<xp>166</xp>
		<spawn>0.062</spawn>
	</Pokemon>
	<Pokemon name="Voltobal">
		<id>100</id>
		<level>1</level>
		<type>ELEKTRIZITAET</type>
		<att>55.0</att>
		<deff>55.0</deff>
		<motivation>100.0</motivation>
		<init>85.0</init>
		<base_hp>40.0</base_hp>
		<xp>66</xp>
		<spawn>0.65</spawn>
	</Pokemon>
	<Pokemon name="Lektrobal">
		<id>101</id>
		<level>1</level>
		<type>ELEKTRIZITAET</type>
		<att>80.0</att>
		<deff>80.0</deff>
		<motivation>100.0</motivation>
		<init>95.0</init>
		<base_hp>60.0</base_hp>
		<xp>172</xp>
		<spawn>0.02</spawn>
	</Pokemon>
	<Pokemon name="Owei">
		<id>102</id>
		<level>1</level>
		<type>PFLANZE</type>
		<att>60.0</att>
		<deff>80.0</deff>
		<motivation>100.0</motivation>
		<init>85.0</init>
		<base_hp>60.0</base_hp>
		<xp>65</xp>
		<spawn>0.78</spawn>
	</Pokemon>
	<Pokemon name="Kokowei">
		<id>103</id>
		<level>1</level>
		<type>PFLANZE</type>
		<att>125.0</att>
		<deff>85.0</deff>
		<motivation>100.0</motivation>
		<init>95.0</init>
		<base_hp>95.0</base_hp>
		<xp>186</xp>
		<spawn>0.014</spawn>
	</Pokemon>
	<Pokemon name="Tragosso">
		<id>104</id>
		<level>1</level>
		<type>BODEN</type>
		<att>50.0</att>
		<deff>95.0</deff>
		<motivation>100.0</motivation>
		<init>85.0</init>
		<base_hp>50.0</base_hp>
		<xp>64</xp>
		<spawn>0.61</spawn>
	</Pokemon>
	<Pokemon name="Knogga">
		<id>105</id>
		<level>1</level>
		<type>BODEN</type>
		<att>80.0</att>
		<deff>110.0</deff>
		<motivation>100.0</motivation>
		<init>95.0</init>
		<base_hp>60.0</base_hp>
		<xp>149</xp>
		<spawn>0.02</spawn>
	</Pokemon>
	<Pokemon name="Kicklee">
		<id>106</id>
		<level>1</level>
		<type>KAMPF</type>
		<att>120.0</att>
		<deff>110.0</deff>
		<motivation>100.0</motivation>
		<init>99.0</init>
		<base_hp>50.0</base_hp>
		<xp>159</xp>
		<spawn>0.02</spawn>
	</Pokemon>
	<Pokemon name="Nockchan">
		<id>107</id>
		<level>1</level>
		<type>KAMPF</type>
		<att>105.0</att>
		<deff>110.0</deff>
		<motivation>100.0</motivation>
		<init>99.0</init>
		<base_hp>50.0</base_hp>
		<xp>159</xp>
		<spawn>0.022</spawn>
	</Pokemon>
	<Pokemon name="Schlurp">
		<id>108</id>
		<level>1</level>
		<type>NORMAL</type>
		<att>60.0</att>
		<deff>75.0</deff>
		<motivation>100.0</motivation>
		<init>99.0</init>
		<base_hp>90.0</base_hp>
		<xp>77</xp>
		<spawn>0.011</spawn>
	</Pokemon>
	<Pokemon name="Smogon">
		<id>109</id>
		<level>1</level>
		<type>GIFT</type>
		<att>65.0</att>
		<deff>95.0</deff>
		<motivation>100.0</motivation>
		<init>85.0</init>
		<base_hp>40.0</base_hp>
		<xp>68</xp>
		<spawn>0.2</spawn>
	</Pokemon>
	<Pokemon name="Smogmog">
		<id>110</id>
		<level>1</level>
		<type>GIFT</type>
		<att>90.0</att>
		<deff>120.0</deff>
		<motivation>100.0</motivation>
		<init>95.0</init>
		<base_hp>65.0</base_hp>
		<xp>172</xp>
		<spawn>0.016</spawn>
	</Pokemon>
	<Pokemon name="Rihorn">
		<id>111</id>
		<level>1</level>
		<type>BODEN</type>
		<att>85.0</att>
		<deff>95.0</deff>
		<motivation>100.0</motivation>
		<init>85.0</init>
		<base_hp>80.0</base_hp>
		<xp>69</xp>
		<spawn>0.63</spawn>
	</Pokemon>
	<Pokemon name="Rizeros">
		<id>112</id>
		<level>1</level>
		<type>BODEN</type>
		<att>130.0</att>
		<deff>120.0</deff>
		<motivation>100.0</motivation>
		<init>95.0</init>
		<base_hp>105.0</base_hp>
		<xp>170</xp>
		<spawn>0.022</spawn>
	</Pokemon>
	<Pokemon name="Chaneira">
		<id>113</id>
		<level>1</level>
		<type>NORMAL</type>
		<att>35.0</att>
		<deff>105.0</deff>
		<motivation>100.0</motivation>
		<init>99.0</init>
		<base_hp>250.0</base_hp>
		<xp>395</xp>
		<spawn>0.013</spawn>
	</Pokemon>
	<Pokemon name="Tangela">
		<id>114</id>
		<level>1</level>
		<type>PFLANZE</type>
		<att>100.0</att>
		<deff>115.0</deff>
		<motivation>100.0</motivation>
		<init>99.0</init>
		<base_hp>65.0</base_hp>
		<xp>87</xp>
		<spawn>0.228</spawn>
	</Pokemon>
	<Pokemon name="Kangama">
		<id>115</id>
		<level>1</level>
		<type>NORMAL</type>
		<att>95.0</att>
		<deff>80.0</deff>
		<motivation>100.0</motivation>
		<init>99.0</init>
		<base_hp>105.0</base_hp>
		<xp>172</xp>
		<spawn>0.0086</spawn>
	</Pokemon>
	<Pokemon name="Seeper">
		<id>116</id>
		<level>1</level>
		<type>WASSER</type>
		<att>70.0</att>
		<deff>70.0</deff>
		<motivation>100.0</motivation>
		<init>85.0</init>
		<base_hp>30.0</base_hp>
		<xp>59</xp>
		<spawn>1.13</spawn>
	</Pokemon>
	<Pokemon name="Seemon">
		<id>117</id>
		<level>1</level>
		<type>WASSER</type>
		<att>95.0</att>
		<deff>95.0</deff>
		<motivation>100.0</motivation>
		<init>95.0</init>
		<base_hp>55.0</base_hp>
		<xp>154</xp>
		<spawn>0.034</spawn>
	</Pokemon>
	<Pokemon name="Goldini">
		<id>118</id>
		<level>1</level>
		<type>WASSER</type>
		<att>67.0</att>
		<deff>60.0</deff>
		<motivation>100.0</motivation>
		<init>85.0</init>
		<base_hp>45.0</base_hp>
		<xp>64</xp>
		<spawn>2.18</spawn>
	</Pokemon>
	<Pokemon name="Golking">
		<id>119</id>
		<level>1</level>
		<type>WASSER</type>
		<att>92.0</att>
		<deff>80.0</deff>
		<motivation>100.0</motivation>
		<init>95.0</init>
		<base_hp>80.0</base_hp>
		<xp>158</xp>
		<spawn>0.08</spawn>
	</Pokemon>
	<Pokemon name="Sterndu">
		<id>120</id>
		<level>1</level>
		<type>WASSER</type>
		<att>70.0</att>
		<deff>55.0</deff>
		<motivation>100.0</motivation>
		<init>85.0</init>
		<base_hp>30.0</base_hp>
		<xp>68</xp>
		<spawn>1.95</spawn>
	</Pokemon>
	<Pokemon name="Starmie">
		<id>121</id>
		<level>1</level>
		<type>WASSER</type>
		<att>100.0</att>
		<deff>85.0</deff>
		<motivation>100.0</motivation>
		<init>95.0</init>
		<base_hp>60.0</base_hp>
		<xp>182</xp>
		<spawn>0.034</spawn>
	</Pokemon>
	<Pokemon name="Pantimos">
		<id>122</id>
		<level>1</level>
		<type>PSYCHO</type>
		<att>100.0</att>
		<deff>120.0</deff>
		<motivation>100.0</motivation>
		<init>99.0</init>
		<base_hp>40.0</base_hp>
		<xp>161</xp>
		<spawn>0.0031</spawn>
	</Pokemon>
	<Pokemon name="Sichlor">
		<id>123</id>
		<level>1</level>
		<type>KAEFER</type>
		<att>110.0</att>
		<deff>80.0</deff>
		<motivation>100.0</motivation>
		<init>99.0</init>
		<base_hp>70.0</base_hp>
		<xp>100</xp>
		<spawn>0.14</spawn>
	</Pokemon>
	<Pokemon name="Rossana">
		<id>124</id>
		<level>1</level>
		<type>PSYCHO</type>
		<att>115.0</att>
		<deff>95.0</deff>
		<motivation>100.0</motivation>
		<init>99.0</init>
		<base_hp>65.0</base_hp>
		<xp>159</xp>
		<spawn>0.35</spawn>
	</Pokemon>
	<Pokemon name="Elektek">
		<id>125</id>
		<level>1</level>
		<type>ELEKTRIZITAET</type>
		<att>95.0</att>
		<deff>85.0</deff>
		<motivation>100.0</motivation>
		<init>99.0</init>
		<base_hp>65.0</base_hp>
		<xp>172</xp>
		<spawn>0.074</spawn>
	</Pokemon>
	<Pokemon name="Magmar">
		<id>126</id>
		<level>1</level>
		<type>FEUER</type>
		<att>100.0</att>
		<deff>85.0</deff>
		<motivation>100.0</motivation>
		<init>99.0</init>
		<base_hp>65.0</base_hp>
		<xp>173</xp>
		<spawn>0.1</spawn>
	</Pokemon>
	<Pokemon name="Pinsir">
		<id>127</id>
		<level>1</level>
		<type>KAEFER</type>
		<att>125.0</att>
		<deff>100.0</deff>
		<motivation>100.0</motivation>
		<init>99.0</init>
		<base_hp>65.0</base_hp>
		<xp>175</xp>
		<spawn>0.99</spawn>
	</Pokemon>
	<Pokemon name="Tauros">
		<id>128</id>
		<level>1</level>
		<type>NORMAL</type>
		<att>100.0</att>
		<deff>95.0</deff>
		<motivation>100.0</motivation>
		<init>99.0</init>
		<base_hp>75.0</base_hp>
		<xp>172</xp>
		<spawn>0.12</spawn>
	</Pokemon>
	<Pokemon name="Karpador">
		<id>129</id>
		<level>1</level>
		<type>WASSER</type>
		<att>15.0</att>
		<deff>55.0</deff>
		<motivation>100.0</motivation>
		<init>85.0</init>
		<base_hp>20.0</base_hp>
		<xp>40</xp>
		<spawn>4.78</spawn>
	</Pokemon>
	<Pokemon name="Garados">
		<id>130</id>
		<level>1</level>
		<type>WASSER</type>
		<att>125.0</att>
		<deff>100.0</deff>
		<motivation>100.0</motivation>
		<init>95.0</init>
		<base_hp>95.0</base_hp>
		<xp>189</xp>
		<spawn>0.0032</spawn>
	</Pokemon>
	<Pokemon name="Lapras">
		<id>131</id>
		<level>1</level>
		<type>WASSER</type>
		<att>85.0</att>
		<deff>95.0</deff>
		<motivation>100.0</motivation>
		<init>99.0</init>
		<base_hp>130.0</base_hp>
		<xp>187</xp>
		<spawn>0.006</spawn>
	</Pokemon>
	<Pokemon name="Ditto">
		<id>132</id>
		<level>1</level>
		<type>NORMAL</type>
		<att>48.0</att>
		<deff>48.0</deff>
		<motivation>100.0</motivation>
		<init>99.0</init>
		<base_hp>48.0</base_hp>
		<xp>101</xp>
		<spawn>0.015</spawn>
	</Pokemon>
	<Pokemon name="Evoli">
		<id>133</id>
		<level>1</level>
		<type>NORMAL</type>
		<att>55.0</att>
		<deff>65.0</deff>
		<motivation>100.0</motivation>
		<init>85.0</init>
		<base_hp>55.0</base_hp>
		<xp>65</xp>
		<spawn>2.75</spawn>
	</Pokemon>
	<Pokemon name="Aquana">
		<id>134</id>
		<level>1</level>
		<type>WASSER</type>
		<att>110.0</att>
		<deff>95.0</deff>
		<motivation>100.0</motivation>
		<init>95.0</init>
		<base_hp>130.0</base_hp>
		<xp>184</xp>
		<spawn>0.014</spawn>
	</Pokemon>
	<Pokemon name="Blitza">
		<id>135</id>
		<level>1</level>
		<type>ELEKTRIZITAET</type>
		<att>110.0</att>
		<deff>95.0</deff>
		<motivation>100.0</motivation>
		<init>95.0</init>
		<base_hp>65.0</base_hp>
		<xp>184</xp>
		<spawn>0.012</spawn>
	</Pokemon>
	<Pokemon name="Flamara">
		<id>136</id>
		<level>1</level>
		<type>FEUER</type>
		<att>130.0</att>
		<deff>110.0</deff>
		<motivation>100.0</motivation>
		<init>95.0</init>
		<base_hp>65.0</base_hp>
		<xp>184</xp>
		<spawn>0.017</spawn>
	</Pokemon>
	<Pokemon name="Porygon">
		<id>137</id>
		<level>1</level>
		<type>NORMAL</type>
		<att>85.0</att>
		<deff>75.0</deff>
		<motivation>100.0</motivation>
		<init>99.0</init>
		<base_hp>65.0</base_hp>
		<xp>79</xp>
		<spawn>0.012</spawn>
	</Pokemon>
	<Pokemon name="Amonitas">
		<id>138</id>
		<level>1</level>
		<type>WASSER</type>
		<att>90.0</att>
		<deff>100.0</deff>
		<motivation>100.0</motivation>
		<init>85.0</init>
		<base_hp>35.0</base_hp>
		<xp>71</xp>
		<spawn>0.14</spawn>
	</Pokemon>
	<Pokemon name="Amoroso">
		<id>139</id>
		<level>1</level>
		<type>WASSER</type>
		<att>115.0</att>
		<deff>125.0</deff>
		<motivation>100.0</motivation>
		<init>95.0</init>
		<base_hp>70.0</base_hp>
		<xp>173</xp>
		<spawn>0.0061</spawn>
	</Pokemon>
	<Pokemon name="Kabuto">
		<id>140</id>
		<level>1</level>
		<type>WASSER</type>
		<att>80.0</att>
		<deff>90.0</deff>
		<motivation>100.0</motivation>
		<init>85.0</init>
		<base_hp>30.0</base_hp>
		<xp>71</xp>
		<spawn>0.1</spawn>
	</Pokemon>
	<Pokemon name="Kabutops">
		<id>141</id>
		<level>1</level>
		<type>WASSER</type>
		<att>115.0</att>
		<deff>105.0</deff>
		<motivation>100.0</motivation>
		<init>95.0</init>
		<base_hp>60.0</base_hp>
		<xp>173</xp>
		<spawn>0.0032</spawn>
	</Pokemon>
	<Pokemon name="Aerodactyl">
		<id>142</id>
		<level>1</level>
		<type>FLUG</type>
		<att>105.0</att>
		<deff>75.0</deff>
		<motivation>100.0</motivation>
		<init>99.0</init>
		<base_hp>80.0</base_hp>
		<xp>180</xp>
		<spawn>0.018</spawn>
	</Pokemon>
	<Pokemon name="Relaxo">
		<id>143</id>
		<level>1</level>
		<type>NORMAL</type>
		<att>110.0</att>
		<deff>110.0</deff>
		<motivation>100.0</motivation>
		<init>99.0</init>
		<base_hp>160.0</base_hp>
		<xp>189</xp>
		<spawn>0.016</spawn>
	</Pokemon>
	<Pokemon name="Arktos">
		<id>144</id>
		<level>1</level>
		<type>EIS</type>
		<att>95.0</att>
		<deff>125.0</deff>
		<motivation>100.0</motivation>
		<init>99.0</init>
		<base_hp>90.0</base_hp>
		<xp>261</xp>
		<spawn>0.0025</spawn>
	</Pokemon>
	<Pokemon name="Zapdos">
		<id>145</id>
		<level>1</level>
		<type>ELEKTRIZITAET</type>
		<att>125.0</att>
		<deff>90.0</deff>
		<motivation>100.0</motivation>
		<init>99.0</init>
		<base_hp>90.0</base_hp>
		<xp>261</xp>
		<spawn>0.0025</spawn>
	</Pokemon>
	<Pokemon name="Lavados">
		<id>146</id>
		<level>1</level>
		<type>FEUER</type>
		<att>125.0</att>
		<deff>90.0</deff>
		<motivation>100.0</motivation>
		<init>99.0</init>
		<base_hp>90.0</base_hp>
		<xp>261</xp>
		<spawn>0.0025</spawn>
	</Pokemon>
	<Pokemon name="Dratini">
		<id>147</id>
		<level>1</level>
		<type>DRACHE</type>
		<att>64.0</att>
		<deff>50.0</deff>
		<motivation>100.0</motivation>
		<init>80.0</init>
		<base_hp>41.0</base_hp>
		<xp>60</xp>
		<spawn>0.3</spawn>
	</Pokemon>
	<Pokemon name="Dragonir">
		<id>148</id>
		<level>1</level>
		<type>DRACHE</type>
		<att>84.0</att>
		<deff>70.0</deff>
		<motivation>100.0</motivation>
		<init>90.0</init>
		<base_hp>61.0</base_hp>
		<xp>147</xp>
		<spawn>0.02</spawn>
	</Pokemon>
	<Pokemon name="Dragoran">
		<id>149</id>
		<level>1</level>
		<type>DRACHE</type>
		<att>134.0</att>
		<deff>100.0</deff>
		<motivation>100.0</motivation>
		<init>100.0</init>
		<base_hp>91.0</base_hp>
		<xp>270</xp>
		<spawn>0.0011</spawn>
	</Pokemon>
	<Pokemon name="Mewtu">
		<id>150</id>
		<level>1</level>
		<type>PSYCHO</type>
		<att>194.0</att>
		<deff>120.0</deff>
		<motivation>100.0</motivation>
		<init>110.0</init>
		<base_hp>106.0</base_hp>
		<xp>306</xp>
		<spawn>5.0E-4</spawn>
	</Pokemon>
	<Pokemon name="Mew">
		<id>151</id>
		<level>1</level>
		<type>PSYCHO</type>
		<att>100.0</att>
		<deff>100.0</deff>
		<motivation>100.0</motivation>
		<init>120.0</init>
		<base_hp>100.0</base_hp>
		<xp>270</xp>
		<spawn>5.0E-4</spawn>
	</Pokemon>
</list>