<?xml version="1.0" ?>
<PokemonMap>
	<fields>
		<FIELD>
			<type>TIEFERSAND</type>
			<x>0.0</x>
			<y>0.0</y>
		</FIELD>
		<FIELD>
			<type>TIEFERSAND</type>
			<x>0.0</x>
			<y>30.0</y>
		</FIELD>
		<FIELD>
			<type>HOHESGRASS</type>
			<x>0.0</x>
			<y>60.0</y>
		</FIELD>
		<FIELD>
			<type>HOHESGRASS</type>
			<x>0.0</x>
			<y>90.0</y>
		</FIELD>
		<FIELD>
			<type>TIEFERSAND</type>
			<x>0.0</x>
			<y>120.0</y>
		</FIELD>
		<FIELD>
			<type>GRASS</type>
			<x>0.0</x>
			<y>150.0</y>
		</FIELD>
		<FIELD>
			<type>UEBERGANG</type>
			<x>0.0</x>
			<y>180.0</y>
			<nextMap>maps/ground.xml</nextMap>
		</FIELD>
		<FIELD>
			<type>GRASS</type>
			<x>0.0</x>
			<y>210.0</y>
		</FIELD>
		<FIELD>
			<type>BAUM_TOP</type>
			<x>0.0</x>
			<y>240.0</y>
		</FIELD>
		<FIELD>
			<type>BAUM_BOTTOM</type>
			<x>0.0</x>
			<y>270.0</y>
		</FIELD>
		<FIELD>
			<type>GRASS</type>
			<x>0.0</x>
			<y>300.0</y>
		</FIELD>
		<FIELD>
			<type>WASSER</type>
			<x>0.0</x>
			<y>330.0</y>
		</FIELD>
		<FIELD>
			<type>WASSER</type>
			<x>0.0</x>
			<y>360.0</y>
		</FIELD>
		<FIELD>
			<type>WASSER</type>
			<x>0.0</x>
			<y>390.0</y>
		</FIELD>
		<FIELD>
			<type>WASSER</type>
			<x>0.0</x>
			<y>420.0</y>
		</FIELD>
		<FIELD>
			<type>HOHESGRASS</type>
			<x>0.0</x>
			<y>450.0</y>
		</FIELD>
		<FIELD>
			<type>HOHESGRASS</type>
			<x>0.0</x>
			<y>480.0</y>
		</FIELD>
		<FIELD>
			<type>TIEFERSAND</type>
			<x>30.0</x>
			<y>0.0</y>
		</FIELD>
		<FIELD>
			<type>HOHESGRASS</type>
			<x>30.0</x>
			<y>30.0</y>
		</FIELD>
		<FIELD>
			<type>HOHESGRASS</type>
			<x>30.0</x>
			<y>60.0</y>
		</FIELD>
		<FIELD>
			<type>TIEFERSAND</type>
			<x>30.0</x>
			<y>90.0</y>
		</FIELD>
		<FIELD>
			<type>TIEFERSAND</type>
			<x>30.0</x>
			<y>120.0</y>
		</FIELD>
		<FIELD>
			<type>HOHESGRASS</type>
			<x>30.0</x>
			<y>150.0</y>
			<entity class="Trainer">
				<name>Biker</name>
				<pokemons>
					<Pokemon name="Rettan">
						<id>23</id>
						<level>25</level>
						<type>GIFT</type>
						<att>60.0</att>
						<deff>54.0</deff>
						<motivation>100.0</motivation>
						<init>85.0</init>
						<base_hp>35.0</base_hp>
						<xp>58</xp>
						<spawn>2.27</spawn>
						<trained>true</trained>
					</Pokemon>
					<Pokemon name="Golbat">
						<id>42</id>
						<level>25</level>
						<type>GIFT</type>
						<att>80.0</att>
						<deff>75.0</deff>
						<motivation>100.0</motivation>
						<init>95.0</init>
						<base_hp>75.0</base_hp>
						<xp>159</xp>
						<spawn>0.42</spawn>
						<trained>true</trained>
					</Pokemon>
					<Pokemon name="Nidoqueen">
						<id>31</id>
						<level>21</level>
						<type>GIFT</type>
						<att>92.0</att>
						<deff>87.0</deff>
						<motivation>100.0</motivation>
						<init>100.0</init>
						<base_hp>90.0</base_hp>
						<xp>227</xp>
						<spawn>0.012</spawn>
						<trained>true</trained>
					</Pokemon>
				</pokemons>
			</entity>
		</FIELD>
		<FIELD>
			<type>GRASS</type>
			<x>30.0</x>
			<y>180.0</y>
		</FIELD>
		<FIELD>
			<type>GRASS</type>
			<x>30.0</x>
			<y>210.0</y>
		</FIELD>
		<FIELD>
			<type>HOHESGRASS</type>
			<x>30.0</x>
			<y>240.0</y>
		</FIELD>
		<FIELD>
			<type>HOHESGRASS</type>
			<x>30.0</x>
			<y>270.0</y>
		</FIELD>
		<FIELD>
			<type>WASSER</type>
			<x>30.0</x>
			<y>300.0</y>
		</FIELD>
		<FIELD>
			<type>WASSER</type>
			<x>30.0</x>
			<y>330.0</y>
		</FIELD>
		<FIELD>
			<type>WASSER</type>
			<x>30.0</x>
			<y>360.0</y>
		</FIELD>
		<FIELD>
			<type>HOHESGRASS</type>
			<x>30.0</x>
			<y>390.0</y>
		</FIELD>
		<FIELD>
			<type>HOHESGRASS</type>
			<x>30.0</x>
			<y>420.0</y>
		</FIELD>
		<FIELD>
			<type>HOHESGRASS</type>
			<x>30.0</x>
			<y>450.0</y>
		</FIELD>
		<FIELD>
			<type>HOHESGRASS</type>
			<x>30.0</x>
			<y>480.0</y>
		</FIELD>
		<FIELD>
			<type>TIEFERSAND</type>
			<x>60.0</x>
			<y>0.0</y>
		</FIELD>
		<FIELD>
			<type>TIEFERSAND</type>
			<x>60.0</x>
			<y>30.0</y>
		</FIELD>
		<FIELD>
			<type>TIEFERSAND</type>
			<x>60.0</x>
			<y>60.0</y>
		</FIELD>
		<FIELD>
			<type>HOHESGRASS</type>
			<x>60.0</x>
			<y>90.0</y>
		</FIELD>
		<FIELD>
			<type>HOHESGRASS</type>
			<x>60.0</x>
			<y>120.0</y>
		</FIELD>
		<FIELD>
			<type>HOHESGRASS</type>
			<x>60.0</x>
			<y>150.0</y>
		</FIELD>
		<FIELD>
			<type>WASSER</type>
			<x>60.0</x>
			<y>180.0</y>
		</FIELD>
		<FIELD>
			<type>GRASS</type>
			<x>60.0</x>
			<y>210.0</y>
		</FIELD>
		<FIELD>
			<type>HOHESGRASS</type>
			<x>60.0</x>
			<y>240.0</y>
		</FIELD>
		<FIELD>
			<type>WASSER</type>
			<x>60.0</x>
			<y>270.0</y>
		</FIELD>
		<FIELD>
			<type>HOHESGRASS</type>
			<x>60.0</x>
			<y>300.0</y>
		</FIELD>
		<FIELD>
			<type>HOHESGRASS</type>
			<x>60.0</x>
			<y>330.0</y>
		</FIELD>
		<FIELD>
			<type>HOHESGRASS</type>
			<x>60.0</x>
			<y>360.0</y>
		</FIELD>
		<FIELD>
			<type>HOHESGRASS</type>
			<x>60.0</x>
			<y>390.0</y>
		</FIELD>
		<FIELD>
			<type>BAUM_TOP</type>
			<x>60.0</x>
			<y>420.0</y>
		</FIELD>
		<FIELD>
			<type>BAUM_BOTTOM</type>
			<x>60.0</x>
			<y>450.0</y>
		</FIELD>
		<FIELD>
			<type>HOHESGRASS</type>
			<x>60.0</x>
			<y>480.0</y>
		</FIELD>
		<FIELD>
			<type>TIEFERSAND</type>
			<x>90.0</x>
			<y>0.0</y>
		</FIELD>
		<FIELD>
			<type>TIEFERSAND</type>
			<x>90.0</x>
			<y>30.0</y>
		</FIELD>
		<FIELD>
			<type>TIEFERSAND</type>
			<x>90.0</x>
			<y>60.0</y>
		</FIELD>
		<FIELD>
			<type>HOHESGRASS</type>
			<x>90.0</x>
			<y>90.0</y>
		</FIELD>
		<FIELD>
			<type>HOHESGRASS</type>
			<x>90.0</x>
			<y>120.0</y>
		</FIELD>
		<FIELD>
			<type>WASSER</type>
			<x>90.0</x>
			<y>150.0</y>
		</FIELD>
		<FIELD>
			<type>WASSER</type>
			<x>90.0</x>
			<y>180.0</y>
		</FIELD>
		<FIELD>
			<type>SAND</type>
			<x>90.0</x>
			<y>210.0</y>
		</FIELD>
		<FIELD>
			<type>GRASS</type>
			<x>90.0</x>
			<y>240.0</y>
		</FIELD>
		<FIELD>
			<type>WASSER</type>
			<x>90.0</x>
			<y>270.0</y>
		</FIELD>
		<FIELD>
			<type>WASSER</type>
			<x>90.0</x>
			<y>300.0</y>
		</FIELD>
		<FIELD>
			<type>HOHESGRASS</type>
			<x>90.0</x>
			<y>330.0</y>
		</FIELD>
		<FIELD>
			<type>HOHESGRASS</type>
			<x>90.0</x>
			<y>360.0</y>
		</FIELD>
		<FIELD>
			<type>HOHESGRASS</type>
			<x>90.0</x>
			<y>390.0</y>
		</FIELD>
		<FIELD>
			<type>WASSER</type>
			<x>90.0</x>
			<y>420.0</y>
		</FIELD>
		<FIELD>
			<type>HOHESGRASS</type>
			<x>90.0</x>
			<y>450.0</y>
		</FIELD>
		<FIELD>
			<type>HOHESGRASS</type>
			<x>90.0</x>
			<y>480.0</y>
		</FIELD>
		<FIELD>
			<type>MTLF_SAND</type>
			<x>120.0</x>
			<y>0.0</y>
		</FIELD>
		<FIELD>
			<type>TIEFERSAND</type>
			<x>120.0</x>
			<y>30.0</y>
		</FIELD>
		<FIELD>
			<type>HOHESGRASS</type>
			<x>120.0</x>
			<y>60.0</y>
		</FIELD>
		<FIELD>
			<type>HOHESGRASS</type>
			<x>120.0</x>
			<y>90.0</y>
		</FIELD>
		<FIELD>
			<type>HOHESGRASS</type>
			<x>120.0</x>
			<y>120.0</y>
		</FIELD>
		<FIELD>
			<type>WASSER</type>
			<x>120.0</x>
			<y>150.0</y>
		</FIELD>
		<FIELD>
			<type>WASSER</type>
			<x>120.0</x>
			<y>180.0</y>
		</FIELD>
		<FIELD>
			<type>GRASS</type>
			<x>120.0</x>
			<y>210.0</y>
		</FIELD>
		<FIELD>
			<type>SAND</type>
			<x>120.0</x>
			<y>240.0</y>
		</FIELD>
		<FIELD>
			<type>WASSER</type>
			<x>120.0</x>
			<y>270.0</y>
		</FIELD>
		<FIELD>
			<type>HOHESGRASS</type>
			<x>120.0</x>
			<y>300.0</y>
		</FIELD>
		<FIELD>
			<type>HOHESGRASS</type>
			<x>120.0</x>
			<y>330.0</y>
		</FIELD>
		<FIELD>
			<type>HOHESGRASS</type>
			<x>120.0</x>
			<y>360.0</y>
		</FIELD>
		<FIELD>
			<type>WASSER</type>
			<x>120.0</x>
			<y>390.0</y>
		</FIELD>
		<FIELD>
			<type>WASSER</type>
			<x>120.0</x>
			<y>420.0</y>
		</FIELD>
		<FIELD>
			<type>HOHESGRASS</type>
			<x>120.0</x>
			<y>450.0</y>
		</FIELD>
		<FIELD>
			<type>HOHESGRASS</type>
			<x>120.0</x>
			<y>480.0</y>
		</FIELD>
		<FIELD>
			<type>MTRF_SAND</type>
			<x>150.0</x>
			<y>0.0</y>
		</FIELD>
		<FIELD>
			<type>TIEFERSAND</type>
			<x>150.0</x>
			<y>30.0</y>
		</FIELD>
		<FIELD>
			<type>HOHESGRASS</type>
			<x>150.0</x>
			<y>60.0</y>
		</FIELD>
		<FIELD>
			<type>GRASS</type>
			<x>150.0</x>
			<y>90.0</y>
		</FIELD>
		<FIELD>
			<type>WASSER</type>
			<x>150.0</x>
			<y>120.0</y>
		</FIELD>
		<FIELD>
			<type>WASSER</type>
			<x>150.0</x>
			<y>150.0</y>
		</FIELD>
		<FIELD>
			<type>HOHESGRASS</type>
			<x>150.0</x>
			<y>180.0</y>
		</FIELD>
		<FIELD>
			<type>HOHESGRASS</type>
			<x>150.0</x>
			<y>210.0</y>
		</FIELD>
		<FIELD>
			<type>SAND</type>
			<x>150.0</x>
			<y>240.0</y>
		</FIELD>
		<FIELD>
			<type>GRASS</type>
			<x>150.0</x>
			<y>270.0</y>
		</FIELD>
		<FIELD>
			<type>HOHESGRASS</type>
			<x>150.0</x>
			<y>300.0</y>
		</FIELD>
		<FIELD>
			<type>HOHESGRASS</type>
			<x>150.0</x>
			<y>330.0</y>
		</FIELD>
		<FIELD>
			<type>WASSER</type>
			<x>150.0</x>
			<y>360.0</y>
		</FIELD>
		<FIELD>
			<type>WASSER</type>
			<x>150.0</x>
			<y>390.0</y>
		</FIELD>
		<FIELD>
			<type>HOHESGRASS</type>
			<x>150.0</x>
			<y>420.0</y>
		</FIELD>
		<FIELD>
			<type>HOHESGRASS</type>
			<x>150.0</x>
			<y>450.0</y>
		</FIELD>
		<FIELD>
			<type>HOHESGRASS</type>
			<x>150.0</x>
			<y>480.0</y>
		</FIELD>
		<FIELD>
			<type>WASSER</type>
			<x>180.0</x>
			<y>0.0</y>
		</FIELD>
		<FIELD>
			<type>WASSER</type>
			<x>180.0</x>
			<y>30.0</y>
		</FIELD>
		<FIELD>
			<type>GRASS</type>
			<x>180.0</x>
			<y>60.0</y>
		</FIELD>
		<FIELD>
			<type>GRASS</type>
			<x>180.0</x>
			<y>90.0</y>
		</FIELD>
		<FIELD>
			<type>BAUM_TOP</type>
			<x>180.0</x>
			<y>120.0</y>
		</FIELD>
		<FIELD>
			<type>BAUM_BOTTOM</type>
			<x>180.0</x>
			<y>150.0</y>
		</FIELD>
		<FIELD>
			<type>HOHESGRASS</type>
			<x>180.0</x>
			<y>180.0</y>
		</FIELD>
		<FIELD>
			<type>HOHESGRASS</type>
			<x>180.0</x>
			<y>210.0</y>
		</FIELD>
		<FIELD>
			<type>HOHESGRASS</type>
			<x>180.0</x>
			<y>240.0</y>
		</FIELD>
		<FIELD>
			<type>GRASS</type>
			<x>180.0</x>
			<y>270.0</y>
		</FIELD>
		<FIELD>
			<type>HOHESGRASS</type>
			<x>180.0</x>
			<y>300.0</y>
		</FIELD>
		<FIELD>
			<type>GRASS</type>
			<x>180.0</x>
			<y>330.0</y>
		</FIELD>
		<FIELD>
			<type>BAUM_TOP</type>
			<x>180.0</x>
			<y>360.0</y>
		</FIELD>
		<FIELD>
			<type>BAUM_BOTTOM</type>
			<x>180.0</x>
			<y>390.0</y>
		</FIELD>
		<FIELD>
			<type>HOHESGRASS</type>
			<x>180.0</x>
			<y>420.0</y>
		</FIELD>
		<FIELD>
			<type>WASSER</type>
			<x>180.0</x>
			<y>450.0</y>
		</FIELD>
		<FIELD>
			<type>WASSER</type>
			<x>180.0</x>
			<y>480.0</y>
		</FIELD>
		<FIELD>
			<type>WASSER</type>
			<x>210.0</x>
			<y>0.0</y>
		</FIELD>
		<FIELD>
			<type>WASSER</type>
			<x>210.0</x>
			<y>30.0</y>
		</FIELD>
		<FIELD>
			<type>GRASS</type>
			<x>210.0</x>
			<y>60.0</y>
		</FIELD>
		<FIELD>
			<type>GRASS</type>
			<x>210.0</x>
			<y>90.0</y>
		</FIELD>
		<FIELD>
			<type>HOHESGRASS</type>
			<x>210.0</x>
			<y>120.0</y>
		</FIELD>
		<FIELD>
			<type>HOHESGRASS</type>
			<x>210.0</x>
			<y>150.0</y>
		</FIELD>
		<FIELD>
			<type>HOHESGRASS</type>
			<x>210.0</x>
			<y>180.0</y>
		</FIELD>
		<FIELD>
			<type>HOHESGRASS</type>
			<x>210.0</x>
			<y>210.0</y>
		</FIELD>
		<FIELD>
			<type>HOHESGRASS</type>
			<x>210.0</x>
			<y>240.0</y>
		</FIELD>
		<FIELD>
			<type>GRASS</type>
			<x>210.0</x>
			<y>270.0</y>
		</FIELD>
		<FIELD>
			<type>SAND</type>
			<x>210.0</x>
			<y>300.0</y>
		</FIELD>
		<FIELD>
			<type>HOHESGRASS</type>
			<x>210.0</x>
			<y>330.0</y>
		</FIELD>
		<FIELD>
			<type>HOHESGRASS</type>
			<x>210.0</x>
			<y>360.0</y>
		</FIELD>
		<FIELD>
			<type>HOHESGRASS</type>
			<x>210.0</x>
			<y>390.0</y>
		</FIELD>
		<FIELD>
			<type>HOHESGRASS</type>
			<x>210.0</x>
			<y>420.0</y>
		</FIELD>
		<FIELD>
			<type>HOHESGRASS</type>
			<x>210.0</x>
			<y>450.0</y>
		</FIELD>
		<FIELD>
			<type>WASSER</type>
			<x>210.0</x>
			<y>480.0</y>
		</FIELD>
		<FIELD>
			<type>WASSER</type>
			<x>240.0</x>
			<y>0.0</y>
		</FIELD>
		<FIELD>
			<type>WASSER</type>
			<x>240.0</x>
			<y>30.0</y>
		</FIELD>
		<FIELD>
			<type>WASSER</type>
			<x>240.0</x>
			<y>60.0</y>
		</FIELD>
		<FIELD>
			<type>GRASS</type>
			<x>240.0</x>
			<y>90.0</y>
		</FIELD>
		<FIELD>
			<type>HOHESGRASS</type>
			<x>240.0</x>
			<y>120.0</y>
		</FIELD>
		<FIELD>
			<type>HOHESGRASS</type>
			<x>240.0</x>
			<y>150.0</y>
		</FIELD>
		<FIELD>
			<type>HOHESGRASS</type>
			<x>240.0</x>
			<y>180.0</y>
		</FIELD>
		<FIELD>
			<type>HOHESGRASS</type>
			<x>240.0</x>
			<y>210.0</y>
		</FIELD>
		<FIELD>
			<type>HOHESGRASS</type>
			<x>240.0</x>
			<y>240.0</y>
		</FIELD>
		<FIELD>
			<type>WASSER</type>
			<x>240.0</x>
			<y>270.0</y>
		</FIELD>
		<FIELD>
			<type>SAND</type>
			<x>240.0</x>
			<y>300.0</y>
		</FIELD>
		<FIELD>
			<type>SAND</type>
			<x>240.0</x>
			<y>330.0</y>
		</FIELD>
		<FIELD>
			<type>GRASS</type>
			<x>240.0</x>
			<y>360.0</y>
		</FIELD>
		<FIELD>
			<type>HOHESGRASS</type>
			<x>240.0</x>
			<y>390.0</y>
		</FIELD>
		<FIELD>
			<type>HOHESGRASS</type>
			<x>240.0</x>
			<y>420.0</y>
		</FIELD>
		<FIELD>
			<type>WASSER</type>
			<x>240.0</x>
			<y>450.0</y>
		</FIELD>
		<FIELD>
			<type>HOHESGRASS</type>
			<x>240.0</x>
			<y>480.0</y>
		</FIELD>
		<FIELD>
			<type>WASSER</type>
			<x>270.0</x>
			<y>0.0</y>
		</FIELD>
		<FIELD>
			<type>WASSER</type>
			<x>270.0</x>
			<y>30.0</y>
		</FIELD>
		<FIELD>
			<type>WASSER</type>
			<x>270.0</x>
			<y>60.0</y>
		</FIELD>
		<FIELD>
			<type>GRASS</type>
			<x>270.0</x>
			<y>90.0</y>
		</FIELD>
		<FIELD>
			<type>GRASS</type>
			<x>270.0</x>
			<y>120.0</y>
		</FIELD>
		<FIELD>
			<type>WASSER</type>
			<x>270.0</x>
			<y>150.0</y>
		</FIELD>
		<FIELD>
			<type>HOHESGRASS</type>
			<x>270.0</x>
			<y>180.0</y>
		</FIELD>
		<FIELD>
			<type>HOHESGRASS</type>
			<x>270.0</x>
			<y>210.0</y>
		</FIELD>
		<FIELD>
			<type>HOHESGRASS</type>
			<x>270.0</x>
			<y>240.0</y>
		</FIELD>
		<FIELD>
			<type>HOHESGRASS</type>
			<x>270.0</x>
			<y>270.0</y>
		</FIELD>
		<FIELD>
			<type>WASSER</type>
			<x>270.0</x>
			<y>300.0</y>
		</FIELD>
		<FIELD>
			<type>GRASS</type>
			<x>270.0</x>
			<y>330.0</y>
		</FIELD>
		<FIELD>
			<type>SAND</type>
			<x>270.0</x>
			<y>360.0</y>
		</FIELD>
		<FIELD>
			<type>GRASS</type>
			<x>270.0</x>
			<y>390.0</y>
		</FIELD>
		<FIELD>
			<type>HOHESGRASS</type>
			<x>270.0</x>
			<y>420.0</y>
		</FIELD>
		<FIELD>
			<type>HOHESGRASS</type>
			<x>270.0</x>
			<y>450.0</y>
		</FIELD>
		<FIELD>
			<type>WASSER</type>
			<x>270.0</x>
			<y>480.0</y>
		</FIELD>
		<FIELD>
			<type>WASSER</type>
			<x>300.0</x>
			<y>0.0</y>
		</FIELD>
		<FIELD>
			<type>WASSER</type>
			<x>300.0</x>
			<y>30.0</y>
		</FIELD>
		<FIELD>
			<type>WASSER</type>
			<x>300.0</x>
			<y>60.0</y>
		</FIELD>
		<FIELD>
			<type>WASSER</type>
			<x>300.0</x>
			<y>90.0</y>
		</FIELD>
		<FIELD>
			<type>GRASS</type>
			<x>300.0</x>
			<y>120.0</y>
		</FIELD>
		<FIELD>
			<type>WASSER</type>
			<x>300.0</x>
			<y>150.0</y>
		</FIELD>
		<FIELD>
			<type>WASSER</type>
			<x>300.0</x>
			<y>180.0</y>
		</FIELD>
		<FIELD>
			<type>GRASS</type>
			<x>300.0</x>
			<y>210.0</y>
		</FIELD>
		<FIELD>
			<type>HOHESGRASS</type>
			<x>300.0</x>
			<y>240.0</y>
		</FIELD>
		<FIELD>
			<type>HOHESGRASS</type>
			<x>300.0</x>
			<y>270.0</y>
		</FIELD>
		<FIELD>
			<type>HOHESGRASS</type>
			<x>300.0</x>
			<y>300.0</y>
		</FIELD>
		<FIELD>
			<type>WASSER</type>
			<x>300.0</x>
			<y>330.0</y>
		</FIELD>
		<FIELD>
			<type>SAND</type>
			<x>300.0</x>
			<y>360.0</y>
		</FIELD>
		<FIELD>
			<type>HOHESGRASS</type>
			<x>300.0</x>
			<y>390.0</y>
		</FIELD>
		<FIELD>
			<type>HOHESGRASS</type>
			<x>300.0</x>
			<y>420.0</y>
		</FIELD>
		<FIELD>
			<type>HOHESGRASS</type>
			<x>300.0</x>
			<y>450.0</y>
		</FIELD>
		<FIELD>
			<type>GRASS</type>
			<x>300.0</x>
			<y>480.0</y>
		</FIELD>
		<FIELD>
			<type>WASSER</type>
			<x>330.0</x>
			<y>0.0</y>
		</FIELD>
		<FIELD>
			<type>WASSER</type>
			<x>330.0</x>
			<y>30.0</y>
		</FIELD>
		<FIELD>
			<type>WASSER</type>
			<x>330.0</x>
			<y>60.0</y>
		</FIELD>
		<FIELD>
			<type>WASSER</type>
			<x>330.0</x>
			<y>90.0</y>
		</FIELD>
		<FIELD>
			<type>GRASS</type>
			<x>330.0</x>
			<y>120.0</y>
		</FIELD>
		<FIELD>
			<type>GRASS</type>
			<x>330.0</x>
			<y>150.0</y>
		</FIELD>
		<FIELD>
			<type>HOHESGRASS</type>
			<x>330.0</x>
			<y>180.0</y>
		</FIELD>
		<FIELD>
			<type>HOHESGRASS</type>
			<x>330.0</x>
			<y>210.0</y>
		</FIELD>
		<FIELD>
			<type>BAUM_TOP</type>
			<x>330.0</x>
			<y>240.0</y>
		</FIELD>
		<FIELD>
			<type>BAUM_BOTTOM</type>
			<x>330.0</x>
			<y>270.0</y>
		</FIELD>
		<FIELD>
			<type>HOHESGRASS</type>
			<x>330.0</x>
			<y>300.0</y>
		</FIELD>
		<FIELD>
			<type>WASSER</type>
			<x>330.0</x>
			<y>330.0</y>
		</FIELD>
		<FIELD>
			<type>WASSER</type>
			<x>330.0</x>
			<y>360.0</y>
		</FIELD>
		<FIELD>
			<type>HOHESGRASS</type>
			<x>330.0</x>
			<y>390.0</y>
		</FIELD>
		<FIELD>
			<type>HOHESGRASS</type>
			<x>330.0</x>
			<y>420.0</y>
		</FIELD>
		<FIELD>
			<type>WASSER</type>
			<x>330.0</x>
			<y>450.0</y>
		</FIELD>
		<FIELD>
			<type>GRASS</type>
			<x>330.0</x>
			<y>480.0</y>
		</FIELD>
		<FIELD>
			<type>WASSER</type>
			<x>360.0</x>
			<y>0.0</y>
		</FIELD>
		<FIELD>
			<type>WASSER</type>
			<x>360.0</x>
			<y>30.0</y>
		</FIELD>
		<FIELD>
			<type>WASSER</type>
			<x>360.0</x>
			<y>60.0</y>
		</FIELD>
		<FIELD>
			<type>BAUM_TOP</type>
			<x>360.0</x>
			<y>90.0</y>
		</FIELD>
		<FIELD>
			<type>BAUM_BOTTOM</type>
			<x>360.0</x>
			<y>120.0</y>
		</FIELD>
		<FIELD>
			<type>HOHESGRASS</type>
			<x>360.0</x>
			<y>150.0</y>
		</FIELD>
		<FIELD>
			<type>HOHESGRASS</type>
			<x>360.0</x>
			<y>180.0</y>
		</FIELD>
		<FIELD>
			<type>HOHESGRASS</type>
			<x>360.0</x>
			<y>210.0</y>
		</FIELD>
		<FIELD>
			<type>HOHESGRASS</type>
			<x>360.0</x>
			<y>240.0</y>
		</FIELD>
		<FIELD>
			<type>GRASS</type>
			<x>360.0</x>
			<y>270.0</y>
		</FIELD>
		<FIELD>
			<type>GRASS</type>
			<x>360.0</x>
			<y>300.0</y>
		</FIELD>
		<FIELD>
			<type>WASSER</type>
			<x>360.0</x>
			<y>330.0</y>
		</FIELD>
		<FIELD>
			<type>WASSER</type>
			<x>360.0</x>
			<y>360.0</y>
		</FIELD>
		<FIELD>
			<type>HOHESGRASS</type>
			<x>360.0</x>
			<y>390.0</y>
		</FIELD>
		<FIELD>
			<type>HOHESGRASS</type>
			<x>360.0</x>
			<y>420.0</y>
		</FIELD>
		<FIELD>
			<type>HOHESGRASS</type>
			<x>360.0</x>
			<y>450.0</y>
		</FIELD>
		<FIELD>
			<type>WASSER</type>
			<x>360.0</x>
			<y>480.0</y>
		</FIELD>
		<FIELD>
			<type>HOHESGRASS</type>
			<x>390.0</x>
			<y>0.0</y>
		</FIELD>
		<FIELD>
			<type>HOHESGRASS</type>
			<x>390.0</x>
			<y>30.0</y>
		</FIELD>
		<FIELD>
			<type>GRASS</type>
			<x>390.0</x>
			<y>60.0</y>
		</FIELD>
		<FIELD>
			<type>HOHESGRASS</type>
			<x>390.0</x>
			<y>90.0</y>
		</FIELD>
		<FIELD>
			<type>HOHESGRASS</type>
			<x>390.0</x>
			<y>120.0</y>
		</FIELD>
		<FIELD>
			<type>GRASS</type>
			<x>390.0</x>
			<y>150.0</y>
		</FIELD>
		<FIELD>
			<type>HOHESGRASS</type>
			<x>390.0</x>
			<y>180.0</y>
		</FIELD>
		<FIELD>
			<type>HOHESGRASS</type>
			<x>390.0</x>
			<y>210.0</y>
		</FIELD>
		<FIELD>
			<type>HOHESGRASS</type>
			<x>390.0</x>
			<y>240.0</y>
		</FIELD>
		<FIELD>
			<type>HOHESGRASS</type>
			<x>390.0</x>
			<y>270.0</y>
		</FIELD>
		<FIELD>
			<type>GRASS</type>
			<x>390.0</x>
			<y>300.0</y>
		</FIELD>
		<FIELD>
			<type>BAUM_TOP</type>
			<x>390.0</x>
			<y>330.0</y>
		</FIELD>
		<FIELD>
			<type>BAUM_BOTTOM</type>
			<x>390.0</x>
			<y>360.0</y>
		</FIELD>
		<FIELD>
			<type>GRASS</type>
			<x>390.0</x>
			<y>390.0</y>
		</FIELD>
		<FIELD>
			<type>WASSER</type>
			<x>390.0</x>
			<y>420.0</y>
		</FIELD>
		<FIELD>
			<type>WASSER</type>
			<x>390.0</x>
			<y>450.0</y>
		</FIELD>
		<FIELD>
			<type>WASSER</type>
			<x>390.0</x>
			<y>480.0</y>
		</FIELD>
		<FIELD>
			<type>GRASS</type>
			<x>420.0</x>
			<y>0.0</y>
		</FIELD>
		<FIELD>
			<type>HOHESGRASS</type>
			<x>420.0</x>
			<y>30.0</y>
		</FIELD>
		<FIELD>
			<type>HOHESGRASS</type>
			<x>420.0</x>
			<y>60.0</y>
		</FIELD>
		<FIELD>
			<type>HOHESGRASS</type>
			<x>420.0</x>
			<y>90.0</y>
		</FIELD>
		<FIELD>
			<type>HOHESGRASS</type>
			<x>420.0</x>
			<y>120.0</y>
		</FIELD>
		<FIELD>
			<type>HOHESGRASS</type>
			<x>420.0</x>
			<y>150.0</y>
		</FIELD>
		<FIELD>
			<type>HOHESGRASS</type>
			<x>420.0</x>
			<y>180.0</y>
		</FIELD>
		<FIELD>
			<type>WASSER</type>
			<x>420.0</x>
			<y>210.0</y>
		</FIELD>
		<FIELD>
			<type>GRASS</type>
			<x>420.0</x>
			<y>240.0</y>
		</FIELD>
		<FIELD>
			<type>GRASS</type>
			<x>420.0</x>
			<y>270.0</y>
		</FIELD>
		<FIELD>
			<type>BAUM_TOP</type>
			<x>420.0</x>
			<y>300.0</y>
		</FIELD>
		<FIELD>
			<type>BAUM_BOTTOM</type>
			<x>420.0</x>
			<y>330.0</y>
		</FIELD>
		<FIELD>
			<type>GRASS</type>
			<x>420.0</x>
			<y>360.0</y>
		</FIELD>
		<FIELD>
			<type>GRASS</type>
			<x>420.0</x>
			<y>390.0</y>
		</FIELD>
		<FIELD>
			<type>HOHESGRASS</type>
			<x>420.0</x>
			<y>420.0</y>
		</FIELD>
		<FIELD>
			<type>HOHESGRASS</type>
			<x>420.0</x>
			<y>450.0</y>
		</FIELD>
		<FIELD>
			<type>GRASS</type>
			<x>420.0</x>
			<y>480.0</y>
		</FIELD>
		<FIELD>
			<type>UEBERGANG</type>
			<x>450.0</x>
			<y>0.0</y>
			<nextMap>maps/water.xml</nextMap>
		</FIELD>
		<FIELD>
			<type>SAND</type>
			<x>450.0</x>
			<y>30.0</y>
		</FIELD>
		<FIELD>
			<type>SAND</type>
			<x>450.0</x>
			<y>60.0</y>
		</FIELD>
		<FIELD>
			<type>HOHESGRASS</type>
			<x>450.0</x>
			<y>90.0</y>
		</FIELD>
		<FIELD>
			<type>HOHESGRASS</type>
			<x>450.0</x>
			<y>120.0</y>
		</FIELD>
		<FIELD>
			<type>HOHESGRASS</type>
			<x>450.0</x>
			<y>150.0</y>
		</FIELD>
		<FIELD>
			<type>HOHESGRASS</type>
			<x>450.0</x>
			<y>180.0</y>
		</FIELD>
		<FIELD>
			<type>WASSER</type>
			<x>450.0</x>
			<y>210.0</y>
		</FIELD>
		<FIELD>
			<type>WASSER</type>
			<x>450.0</x>
			<y>240.0</y>
		</FIELD>
		<FIELD>
			<type>HOHESGRASS</type>
			<x>450.0</x>
			<y>270.0</y>
		</FIELD>
		<FIELD>
			<type>HOHESGRASS</type>
			<x>450.0</x>
			<y>300.0</y>
		</FIELD>
		<FIELD>
			<type>GRASS</type>
			<x>450.0</x>
			<y>330.0</y>
		</FIELD>
		<FIELD>
			<type>GRASS</type>
			<x>450.0</x>
			<y>360.0</y>
		</FIELD>
		<FIELD>
			<type>GRASS</type>
			<x>450.0</x>
			<y>390.0</y>
		</FIELD>
		<FIELD>
			<type>GRASS</type>
			<x>450.0</x>
			<y>420.0</y>
		</FIELD>
		<FIELD>
			<type>HOHESGRASS</type>
			<x>450.0</x>
			<y>450.0</y>
		</FIELD>
		<FIELD>
			<type>GRASS</type>
			<x>450.0</x>
			<y>480.0</y>
		</FIELD>
		<FIELD>
			<type>HOHESGRASS</type>
			<x>480.0</x>
			<y>0.0</y>
		</FIELD>
		<FIELD>
			<type>GRASS</type>
			<x>480.0</x>
			<y>30.0</y>
		</FIELD>
		<FIELD>
			<type>SAND</type>
			<x>480.0</x>
			<y>60.0</y>
		</FIELD>
		<FIELD>
			<type>SAND</type>
			<x>480.0</x>
			<y>90.0</y>
		</FIELD>
		<FIELD>
			<type>SAND</type>
			<x>480.0</x>
			<y>120.0</y>
		</FIELD>
		<FIELD>
			<type>HOHESGRASS</type>
			<x>480.0</x>
			<y>150.0</y>
		</FIELD>
		<FIELD>
			<type>HOHESGRASS</type>
			<x>480.0</x>
			<y>180.0</y>
		</FIELD>
		<FIELD>
			<type>GRASS</type>
			<x>480.0</x>
			<y>210.0</y>
		</FIELD>
		<FIELD>
			<type>WASSER</type>
			<x>480.0</x>
			<y>240.0</y>
		</FIELD>
		<FIELD>
			<type>SAND</type>
			<x>480.0</x>
			<y>270.0</y>
		</FIELD>
		<FIELD>
			<type>SAND</type>
			<x>480.0</x>
			<y>300.0</y>
		</FIELD>
		<FIELD>
			<type>GRASS</type>
			<x>480.0</x>
			<y>330.0</y>
		</FIELD>
		<FIELD>
			<type>SAND</type>
			<x>480.0</x>
			<y>360.0</y>
		</FIELD>
		<FIELD>
			<type>SAND</type>
			<x>480.0</x>
			<y>390.0</y>
		</FIELD>
		<FIELD>
			<type>HOHESGRASS</type>
			<x>480.0</x>
			<y>420.0</y>
		</FIELD>
		<FIELD>
			<type>HOHESGRASS</type>
			<x>480.0</x>
			<y>450.0</y>
		</FIELD>
		<FIELD>
			<type>HOHESGRASS</type>
			<x>480.0</x>
			<y>480.0</y>
			<entity class="Trainer">
				<name>Biker</name>
				<pokemons>
					<Pokemon name="Smogon">
						<id>109</id>
						<level>20</level>
						<type>GIFT</type>
						<att>65.0</att>
						<deff>95.0</deff>
						<motivation>100.0</motivation>
						<init>85.0</init>
						<base_hp>40.0</base_hp>
						<xp>68</xp>
						<spawn>0.2</spawn>
						<trained>true</trained>
					</Pokemon>
					<Pokemon name="Nidorino">
						<id>33</id>
						<level>25</level>
						<type>GIFT</type>
						<att>72.0</att>
						<deff>57.0</deff>
						<motivation>100.0</motivation>
						<init>90.0</init>
						<base_hp>61.0</base_hp>
						<xp>128</xp>
						<spawn>0.083</spawn>
						<trained>true</trained>
					</Pokemon>
					<Pokemon name="Smogmog">
						<id>110</id>
						<level>25</level>
						<type>GIFT</type>
						<att>90.0</att>
						<deff>120.0</deff>
						<motivation>100.0</motivation>
						<init>95.0</init>
						<base_hp>65.0</base_hp>
						<xp>172</xp>
						<spawn>0.016</spawn>
						<trained>true</trained>
					</Pokemon>
				</pokemons>
			</entity>
		</FIELD>
		<FIELD>
			<type>HOHESGRASS</type>
			<x>510.0</x>
			<y>0.0</y>
		</FIELD>
		<FIELD>
			<type>BAUM_TOP</type>
			<x>510.0</x>
			<y>30.0</y>
		</FIELD>
		<FIELD>
			<type>BAUM_BOTTOM</type>
			<x>510.0</x>
			<y>60.0</y>
		</FIELD>
		<FIELD>
			<type>HOHESGRASS</type>
			<x>510.0</x>
			<y>90.0</y>
		</FIELD>
		<FIELD>
			<type>GRASS</type>
			<x>510.0</x>
			<y>120.0</y>
		</FIELD>
		<FIELD>
			<type>HOHESGRASS</type>
			<x>510.0</x>
			<y>150.0</y>
		</FIELD>
		<FIELD>
			<type>GRASS</type>
			<x>510.0</x>
			<y>180.0</y>
		</FIELD>
		<FIELD>
			<type>SAND</type>
			<x>510.0</x>
			<y>210.0</y>
		</FIELD>
		<FIELD>
			<type>WASSER</type>
			<x>510.0</x>
			<y>240.0</y>
		</FIELD>
		<FIELD>
			<type>WASSER</type>
			<x>510.0</x>
			<y>270.0</y>
		</FIELD>
		<FIELD>
			<type>HOHESGRASS</type>
			<x>510.0</x>
			<y>300.0</y>
		</FIELD>
		<FIELD>
			<type>HOHESGRASS</type>
			<x>510.0</x>
			<y>330.0</y>
		</FIELD>
		<FIELD>
			<type>GRASS</type>
			<x>510.0</x>
			<y>360.0</y>
		</FIELD>
		<FIELD>
			<type>SAND</type>
			<x>510.0</x>
			<y>390.0</y>
		</FIELD>
		<FIELD>
			<type>HOHESGRASS</type>
			<x>510.0</x>
			<y>420.0</y>
		</FIELD>
		<FIELD>
			<type>SAND</type>
			<x>510.0</x>
			<y>450.0</y>
		</FIELD>
		<FIELD>
			<type>UEBERGANG</type>
			<x>510.0</x>
			<y>480.0</y>
			<nextMap>maps/stone.xml</nextMap>
		</FIELD>
		<FIELD>
			<type>BAUM_TOP</type>
			<x>540.0</x>
			<y>0.0</y>
		</FIELD>
		<FIELD>
			<type>BAUM_BOTTOM</type>
			<x>540.0</x>
			<y>30.0</y>
		</FIELD>
		<FIELD>
			<type>BAUM_TOP</type>
			<x>540.0</x>
			<y>60.0</y>
		</FIELD>
		<FIELD>
			<type>BAUM_BOTTOM</type>
			<x>540.0</x>
			<y>90.0</y>
		</FIELD>
		<FIELD>
			<type>HOHESGRASS</type>
			<x>540.0</x>
			<y>120.0</y>
		</FIELD>
		<FIELD>
			<type>HOHESGRASS</type>
			<x>540.0</x>
			<y>150.0</y>
		</FIELD>
		<FIELD>
			<type>BAUM_TOP</type>
			<x>540.0</x>
			<y>180.0</y>
		</FIELD>
		<FIELD>
			<type>BAUM_BOTTOM</type>
			<x>540.0</x>
			<y>210.0</y>
		</FIELD>
		<FIELD>
			<type>WASSER</type>
			<x>540.0</x>
			<y>240.0</y>
		</FIELD>
		<FIELD>
			<type>HOHESGRASS</type>
			<x>540.0</x>
			<y>270.0</y>
		</FIELD>
		<FIELD>
			<type>HOHESGRASS</type>
			<x>540.0</x>
			<y>300.0</y>
		</FIELD>
		<FIELD>
			<type>HOHESGRASS</type>
			<x>540.0</x>
			<y>330.0</y>
		</FIELD>
		<FIELD>
			<type>GRASS</type>
			<x>540.0</x>
			<y>360.0</y>
		</FIELD>
		<FIELD>
			<type>GRASS</type>
			<x>540.0</x>
			<y>390.0</y>
		</FIELD>
		<FIELD>
			<type>SAND</type>
			<x>540.0</x>
			<y>420.0</y>
		</FIELD>
		<FIELD>
			<type>HOHESGRASS</type>
			<x>540.0</x>
			<y>450.0</y>
		</FIELD>
		<FIELD>
			<type>HOHESGRASS</type>
			<x>540.0</x>
			<y>480.0</y>
		</FIELD>
		<FIELD>
			<type>HOHESGRASS</type>
			<x>570.0</x>
			<y>0.0</y>
		</FIELD>
		<FIELD>
			<type>BAUM_TOP</type>
			<x>570.0</x>
			<y>30.0</y>
		</FIELD>
		<FIELD>
			<type>BAUM_BOTTOM</type>
			<x>570.0</x>
			<y>60.0</y>
		</FIELD>
		<FIELD>
			<type>HOHESGRASS</type>
			<x>570.0</x>
			<y>90.0</y>
		</FIELD>
		<FIELD>
			<type>GRASS</type>
			<x>570.0</x>
			<y>120.0</y>
		</FIELD>
		<FIELD>
			<type>HOHESGRASS</type>
			<x>570.0</x>
			<y>150.0</y>
		</FIELD>
		<FIELD>
			<type>GRASS</type>
			<x>570.0</x>
			<y>180.0</y>
		</FIELD>
		<FIELD>
			<type>GRASS</type>
			<x>570.0</x>
			<y>210.0</y>
		</FIELD>
		<FIELD>
			<type>HOHESGRASS</type>
			<x>570.0</x>
			<y>240.0</y>
		</FIELD>
		<FIELD>
			<type>HOHESGRASS</type>
			<x>570.0</x>
			<y>270.0</y>
		</FIELD>
		<FIELD>
			<type>GRASS</type>
			<x>570.0</x>
			<y>300.0</y>
		</FIELD>
		<FIELD>
			<type>HOHESGRASS</type>
			<x>570.0</x>
			<y>330.0</y>
		</FIELD>
		<FIELD>
			<type>HOHESGRASS</type>
			<x>570.0</x>
			<y>360.0</y>
		</FIELD>
		<FIELD>
			<type>GRASS</type>
			<x>570.0</x>
			<y>390.0</y>
			<entity class="Trainer">
				<name>Biker</name>
				<pokemons>
					<Pokemon name="Smogon">
						<id>109</id>
						<level>25</level>
						<type>GIFT</type>
						<att>65.0</att>
						<deff>95.0</deff>
						<motivation>100.0</motivation>
						<init>85.0</init>
						<base_hp>40.0</base_hp>
						<xp>68</xp>
						<spawn>0.2</spawn>
						<trained>true</trained>
					</Pokemon>
					<Pokemon name="Golbat">
						<id>42</id>
						<level>20</level>
						<type>GIFT</type>
						<att>80.0</att>
						<deff>75.0</deff>
						<motivation>100.0</motivation>
						<init>95.0</init>
						<base_hp>75.0</base_hp>
						<xp>159</xp>
						<spawn>0.42</spawn>
						<trained>true</trained>
					</Pokemon>
					<Pokemon name="Nidoking">
						<id>34</id>
						<level>20</level>
						<type>GIFT</type>
						<att>102.0</att>
						<deff>77.0</deff>
						<motivation>100.0</motivation>
						<init>100.0</init>
						<base_hp>81.0</base_hp>
						<xp>227</xp>
						<spawn>0.017</spawn>
						<trained>true</trained>
					</Pokemon>
				</pokemons>
			</entity>
		</FIELD>
		<FIELD>
			<type>UEBERGANG</type>
			<x>570.0</x>
			<y>420.0</y>
			<nextMap>maps/fire.xml</nextMap>
		</FIELD>
		<FIELD>
			<type>HOHESGRASS</type>
			<x>570.0</x>
			<y>450.0</y>
		</FIELD>
		<FIELD>
			<type>HOHESGRASS</type>
			<x>570.0</x>
			<y>480.0</y>
		</FIELD>
	</fields>
	<pokemons>
		<Pokemon name="Hornliu">
			<id>13</id>
			<level>1</level>
			<type>KAEFER</type>
			<att>35.0</att>
			<deff>30.0</deff>
			<motivation>100.0</motivation>
			<init>80.0</init>
			<hp>0.0</hp>
			<xp>39</xp>
			<base__hp>40.0</base__hp>
			<spawn>7.12</spawn>
			<trained>false</trained>
		</Pokemon>
		<Pokemon name="Kokuna">
			<id>14</id>
			<level>1</level>
			<type>KAEFER</type>
			<att>25.0</att>
			<deff>50.0</deff>
			<motivation>100.0</motivation>
			<init>90.0</init>
			<hp>0.0</hp>
			<xp>72</xp>
			<base__hp>45.0</base__hp>
			<spawn>0.44</spawn>
			<trained>false</trained>
		</Pokemon>
		<Pokemon name="Rettan">
			<id>23</id>
			<level>1</level>
			<type>GIFT</type>
			<att>60.0</att>
			<deff>54.0</deff>
			<motivation>100.0</motivation>
			<init>85.0</init>
			<hp>0.0</hp>
			<xp>58</xp>
			<base__hp>35.0</base__hp>
			<spawn>2.27</spawn>
			<trained>false</trained>
		</Pokemon>
		<Pokemon name="Nidoran w.">
			<id>29</id>
			<level>1</level>
			<type>GIFT</type>
			<att>47.0</att>
			<deff>52.0</deff>
			<motivation>100.0</motivation>
			<init>80.0</init>
			<hp>0.0</hp>
			<xp>55</xp>
			<base__hp>55.0</base__hp>
			<spawn>1.38</spawn>
			<trained>false</trained>
		</Pokemon>
		<Pokemon name="Nidorina">
			<id>30</id>
			<level>1</level>
			<type>GIFT</type>
			<att>62.0</att>
			<deff>67.0</deff>
			<motivation>100.0</motivation>
			<init>90.0</init>
			<hp>0.0</hp>
			<xp>128</xp>
			<base__hp>70.0</base__hp>
			<spawn>0.088</spawn>
			<trained>false</trained>
		</Pokemon>
		<Pokemon name="Nidoran m.">
			<id>32</id>
			<level>1</level>
			<type>GIFT</type>
			<att>57.0</att>
			<deff>40.0</deff>
			<motivation>100.0</motivation>
			<init>80.0</init>
			<hp>0.0</hp>
			<xp>55</xp>
			<base__hp>46.0</base__hp>
			<spawn>1.31</spawn>
			<trained>false</trained>
		</Pokemon>
		<Pokemon name="Nidorino">
			<id>33</id>
			<level>1</level>
			<type>GIFT</type>
			<att>72.0</att>
			<deff>57.0</deff>
			<motivation>100.0</motivation>
			<init>90.0</init>
			<hp>0.0</hp>
			<xp>128</xp>
			<base__hp>61.0</base__hp>
			<spawn>0.083</spawn>
			<trained>false</trained>
		</Pokemon>
		<Pokemon name="Zubat">
			<id>41</id>
			<level>1</level>
			<type>GIFT</type>
			<att>45.0</att>
			<deff>40.0</deff>
			<motivation>100.0</motivation>
			<init>85.0</init>
			<hp>0.0</hp>
			<xp>49</xp>
			<base__hp>40.0</base__hp>
			<spawn>6.52</spawn>
			<trained>false</trained>
		</Pokemon>
		<Pokemon name="Myrapla">
			<id>43</id>
			<level>1</level>
			<type>GIFT</type>
			<att>75.0</att>
			<deff>65.0</deff>
			<motivation>100.0</motivation>
			<init>80.0</init>
			<hp>0.0</hp>
			<xp>64</xp>
			<base__hp>45.0</base__hp>
			<spawn>1.02</spawn>
			<trained>false</trained>
		</Pokemon>
		<Pokemon name="Duflor">
			<id>44</id>
			<level>1</level>
			<type>GIFT</type>
			<att>85.0</att>
			<deff>75.0</deff>
			<motivation>100.0</motivation>
			<init>90.0</init>
			<hp>0.0</hp>
			<xp>138</xp>
			<base__hp>60.0</base__hp>
			<spawn>0.064</spawn>
			<trained>false</trained>
		</Pokemon>
		<Pokemon name="Bluzuk">
			<id>48</id>
			<level>1</level>
			<type>KAEFER</type>
			<att>55.0</att>
			<deff>55.0</deff>
			<motivation>100.0</motivation>
			<init>85.0</init>
			<hp>0.0</hp>
			<xp>61</xp>
			<base__hp>60.0</base__hp>
			<spawn>2.28</spawn>
			<trained>false</trained>
		</Pokemon>
		<Pokemon name="Omot">
			<id>49</id>
			<level>1</level>
			<type>KAEFER</type>
			<att>90.0</att>
			<deff>75.0</deff>
			<motivation>100.0</motivation>
			<init>95.0</init>
			<hp>0.0</hp>
			<xp>158</xp>
			<base__hp>70.0</base__hp>
			<spawn>0.072</spawn>
			<trained>false</trained>
		</Pokemon>
		<Pokemon name="Smogon">
			<id>109</id>
			<level>1</level>
			<type>GIFT</type>
			<att>65.0</att>
			<deff>95.0</deff>
			<motivation>100.0</motivation>
			<init>85.0</init>
			<hp>0.0</hp>
			<xp>68</xp>
			<base__hp>40.0</base__hp>
			<spawn>0.2</spawn>
			<trained>false</trained>
		</Pokemon>
		<Pokemon name="Tangela">
			<id>114</id>
			<level>1</level>
			<type>PFLANZE</type>
			<att>100.0</att>
			<deff>115.0</deff>
			<motivation>100.0</motivation>
			<init>99.0</init>
			<hp>0.0</hp>
			<xp>87</xp>
			<base__hp>65.0</base__hp>
			<spawn>0.228</spawn>
			<trained>false</trained>
		</Pokemon>
		<Pokemon name="Sleima">
			<id>88</id>
			<level>1</level>
			<type>GIFT</type>
			<att>80.0</att>
			<deff>50.0</deff>
			<motivation>100.0</motivation>
			<init>85.0</init>
			<hp>0.0</hp>
			<xp>65</xp>
			<base__hp>80.0</base__hp>
			<spawn>0.052</spawn>
			<trained>false</trained>
		</Pokemon>
		<Pokemon name="Sleimok">
			<id>89</id>
			<level>1</level>
			<type>GIFT</type>
			<att>105.0</att>
			<deff>100.0</deff>
			<motivation>100.0</motivation>
			<init>95.0</init>
			<hp>0.0</hp>
			<xp>175</xp>
			<base__hp>105.0</base__hp>
			<spawn>0.0031</spawn>
			<trained>false</trained>
		</Pokemon>
		<Pokemon name="Knofensa">
			<id>69</id>
			<level>1</level>
			<type>PFLANZE</type>
			<att>75.0</att>
			<deff>35.0</deff>
			<motivation>100.0</motivation>
			<init>80.0</init>
			<hp>0.0</hp>
			<xp>60</xp>
			<base__hp>50.0</base__hp>
			<spawn>1.15</spawn>
			<trained>false</trained>
		</Pokemon>
		<Pokemon name="Ultrigaria">
			<id>70</id>
			<level>1</level>
			<type>PFLANZE</type>
			<att>90.0</att>
			<deff>50.0</deff>
			<motivation>100.0</motivation>
			<init>90.0</init>
			<hp>0.0</hp>
			<xp>137</xp>
			<base__hp>65.0</base__hp>
			<spawn>0.072</spawn>
			<trained>false</trained>
		</Pokemon>
	</pokemons>
</PokemonMap>